id,NAME,PARTY,STATE_NAME,LonX,LatY,pagerank,degree,distance to center,betweenness,closeness
14854,Harold Rogers,Republican,Kentucky,-83.522,37.369,0.001034213,0,347.9347141,0,0
14863,Christopher H. Smith,Republican,New Jersey,-74.322,40.163,0.001034213,0,1120.607725,0,0
14873,Steny H. Hoyer,Democrat,Maryland,-76.768,38.559,0.001034213,5,906.5722855,0,0.474074074
15019,Jim Cooper,Democrat,Tennessee,-87.07,36.177,0.001034213,120,263.7783799,5.590404897,0.705882353
15029,Marcy Kaptur,Democrat,Ohio,-82.779,41.511,0.001041574,115,500.1259758,5.310499147,0.693140794
15410,Peter A. DeFazio,Democrat,Oregon,-123.214,43.498,0.001034213,47,3046.528059,0.012195122,0.548571429
15433,Kweisi Mfume,Democrat,Maryland,-76.796,39.402,0.001034213,49,903.7958523,0,0.547008547
15438,David E. Price,Democrat,North Carolina,-78.755,36.04,0.001034213,0,796.8952668,0,0
15446,Fred Upton,Republican,Michigan,-85.9,42.187,0.001034213,0,419.4288266,0,0
15448,Nancy Pelosi,Democrat,California,-122.435,37.763,0.001034213,0,3063.17521,0,0
15454,Frank Pallone Jr.,Democrat,New Jersey,-74.267,40.461,0.001086202,157,1128.646519,178.3101522,0.834782609
15616,Richard E. Neal,Democrat,Massachusetts,-72.857,42.322,0.001055442,130,1282.451784,9.970247156,0.732824427
20104,Adam B. Schiff,Democrat,California,-118.291,34.25,0.001099364,160,2809.74718,77.1533997,0.827586207
20107,Darrell Issa,Republican,California,-116.618,33.115,0.001034213,0,2707.668244,0,0
20119,Stephen F. Lynch,Democrat,Massachusetts,-71.023,42.146,0.001068639,145,1425.552298,36.57678753,0.777327935
20122,Betty McCollum,Democrat,Minnesota,-92.981,45.002,0.001075159,146,862.6537437,28.04241709,0.780487805
20124,Sam Graves,Republican,Missouri,-93.298,39.937,0.001034213,0,547.3726989,0,0
20136,James R. Langevin,Democrat,Rhode Island,-71.624,41.65,0.001081718,135,1366.827673,27.03206067,0.747081712
20138,Joe Wilson,Republican,South Carolina,-81.375,33.638,0.001034213,0,755.8363569,0,0
20145,Rick Larsen,Democrat,Washington,-122.491,48.354,0.001034213,7,3018.155476,0,0.483627204
20301,Mike Rogers,Republican,Alabama,-85.707,33.156,0.001034213,0,614.3209506,0,0
20305,RaÃºl M. Grijalva,Democrat,Arizona,-112.444,32.366,0.001034213,0,2378.889802,0,0
20310,Linda T. SÃ¡nchez,Democrat,California,-118.062,33.941,0.00112576,148,2801.130456,32.95329403,0.786885246
20316,Mario Diaz-Balart,Republican,Florida,-81.157,26.226,0.001034213,0,1481.901339,0,0
20321,David Scott,Democrat,Georgia,-84.564,33.626,0.001095905,118,596.1454072,8.650691187,0.700729927
20322,Ed Case,Democrat,Hawaii,-157.907,21.368,0.001034213,19,6907.001406,0,0.5
20329,C. A. Dutch Ruppersberger,Democrat,Maryland,-76.489,39.347,0.001104493,115,929.9026572,4.230112279,0.693140794
20340,G. K. Butterfield,Democrat,North Carolina,-77.491,36.009,0.001078001,46,903.5810217,0,0.537815126
20342,Michael R. Turner,Republican,Ohio,-83.957,39.701,0.001034213,0,307.671802,0,0
20343,Tim Ryan,Democrat,Ohio,-80.97,41.156,0.001113478,129,605.5116493,10.7525107,0.730038023
20344,Tom Cole,Republican,Oklahoma,-97.75,34.58,0.001034213,0,1039.577834,0,0
20355,Michael C. Burgess,Republican,Texas,-97.132,33.195,0.001034213,0,1073.793346,0,0
20356,John R. Carter,Republican,Texas,-97.539,30.837,0.001034213,0,1274.59977,0,0
20501,Jim Costa,Democrat,California,-120.531,37.112,0.001034213,6,2915.737894,0,0.474074074
20504,Debbie Wasserman Schultz,Democrat,Florida,-80.289,26.064,0.001367727,163,1531.207939,174.9234321,0.838427948
20517,Emanuel Cleaver,Democrat,Missouri,-93.772,39.142,0.001278649,155,572.9523015,64.14308948,0.810126582
20519,Brian Higgins,Democrat,New York,-78.835,42.959,0.001137234,148,857.831358,26.7767282,0.786885246
20521,Virginia Foxx,Republican,North Carolina,-81.441,35.906,0.001034213,0,588.1644495,0,0
20522,Patrick T. McHenry,Republican,North Carolina,-80.586,36.095,0.001034213,0,644.992656,0,0
20527,Louie Gohmert,Republican,Texas,-94.559,31.959,0.001034213,0,990.8763412,0,0
20529,Al Green,Democrat,Texas,-95.496,29.645,0.001181307,150,1249.15443,35.01658694,0.79338843
20530,Michael T. McCaul,Republican,Texas,-96.596,29.971,0.001034213,0,1285.038551,0,0
20533,Henry Cuellar,Democrat,Texas,-98.909,27.857,0.001042107,15,1609.617821,0,0.489795918
20535,Cathy McMorris Rodgers,Republican,Washington,-117.879,47.59,0.001034213,0,2665.616871,0,0
20537,Gwen Moore,Democrat,Wisconsin,-87.952,43.064,0.001075291,67,506.2436252,0.151968741,0.580060423
20538,Doris O. Matsui,Democrat,California,-121.479,38.595,0.001128505,106,2962.545995,1.704988414,0.664359862
20542,Albio Sires,Democrat,New Jersey,-74.116,40.729,0.001069159,60,1145.097991,0.935098427,0.574850299
20702,Jerry McNerney,Democrat,California,-121.303,38.01,0.001253939,159,2960.265849,57.59920266,0.824034335
20703,Kevin McCarthy,Republican,California,-118.537,35.615,0.001034213,0,2785.472585,0,0
20704,Doug Lamborn,Republican,Colorado,-105.338,38.822,0.001034213,0,1572.151611,0,0
20705,Ed Perlmutter,Democrat,Colorado,-105.041,39.827,0.001186857,142,1541.721884,27.00023539,0.768
20706,Joe Courtney,Democrat,Connecticut,-72.205,41.664,0.001297697,163,1319.541118,112.5543528,0.838427948
20708,Kathy Castor,Democrat,Florida,-82.478,28.041,0.001113446,93,1247.391769,0.866817747,0.642140468
20709,Vern Buchanan,Republican,Florida,-82.301,27.527,0.001034213,0,1307.092053,0,0
20712,Henry C. â€œHankâ€ Johnson Jr.,Democrat,Georgia,-84.05,33.697,0.001046375,10,608.8573207,0,0.481203008
20723,John A. Yarmuth,Democrat,Kentucky,-85.694,38.188,0.001034213,0,137.1448867,0,0
20724,John P. Sarbanes,Democrat,Maryland,-76.751,39.191,0.001289572,158,906.8531629,48.20650745,0.820512821
20725,Tim Walberg,Republican,Michigan,-84.333,42.102,0.001034213,1,463.9248165,0,0.666666667
20729,Adrian Smith,Republican,Nebraska,-100.232,41.549,0.001034213,0,1157.175965,0,0
20733,Yvette D. Clarke,Democrat,New York,-73.948,40.642,0.001106511,73,1157.85064,0.218433983,0.590769231
20738,Jim Jordan,Republican,Ohio,-83.476,40.716,0.001034213,0,399.7125948,0,0
20748,Steve Cohen,Democrat,Tennessee,-89.979,35.168,0.001084342,70,449.7724184,0.312325837,0.590769231
20749,Bill Foster,Democrat,Illinois,-88.146,41.644,0.001287762,158,353.6593244,52.0362927,0.820512821
20750,Peter Welch,Democrat,Vermont,-72.663,44.075,0.001062589,32,1358.157672,0,0.517520216
20755,Robert E. Latta,Republican,Ohio,-84.042,41.155,0.001917588,2,395.8305439,1,1
20756,Robert J. Wittman,Republican,Virginia,-77.064,37.922,0.001034213,0,887.4798133,0,0
20757,AndrÃ© Carson,Democrat,Indiana,-86.139,39.747,0.001254433,152,161.7380574,38.00900834,0.8
20758,Gus M. Bilirakis,Republican,Florida,-82.431,28.281,0.001034213,0,1223.800086,0,0
20759,Steve Scalise,Republican,Louisiana,-90.113,29.736,0.001034213,0,1015.610382,0,0
20762,Jackie Speier,Democrat,California,-122.376,37.524,0.001034213,0,3064.037319,0,0
20902,Ann Kirkpatrick,Democrat,Arizona,-109.957,31.927,0.001692642,169,2187.050866,174.168596,0.860986547
20903,Tom McClintock,Republican,California,-119.937,37.988,0.001034213,0,2843.553277,0,0
20907,James A. Himes,Democrat,Connecticut,-73.375,41.22,0.001148332,84,1214.944218,0.312405722,0.623376623
20909,Bill Posey,Republican,Florida,-80.743,28.129,0.001034213,0,1303.55363,0,0
20916,Brett Guthrie,Republican,Kentucky,-85.989,37.536,0.002672563,1,154.4833768,0,0.666666667
20920,Chellie Pingree,Democrat,Maine,-70.119,43.877,0.00137846,159,1543.075411,57.01919257,0.824034335
20926,Blaine Luetkemeyer,Republican,Missouri,-91.555,38.578,0.001034213,0,378.7191591,0,0
20927,Dina Titus,Democrat,Nevada,-115.152,36.138,0.001340689,152,2476.00378,37.75479227,0.8
20934,Paul Tonko,Democrat,New York,-73.992,42.748,0.001420367,159,1206.485813,58.29746677,0.824034335
20944,Kurt Schrader,Democrat,Oregon,-123.117,45.016,0.001034213,0,3037.13197,0,0
20946,Glenn Thompson,Republican,Pennsylvania,-78.91,41.204,0.001034213,0,766.151384,0,0
20952,Gerald E. Connolly,Democrat,Virginia,-77.296,38.794,0.001379788,160,859.7540862,54.32657241,0.827586207
20954,Mike Quigley,Democrat,Illinois,-87.835,41.932,0.001336372,155,380.2429124,52.03905952,0.810126582
20955,Judy Chu,Democrat,California,-117.94,34.279,0.001506896,148,2778.180368,126.9580914,0.80334728
20958,John Garamendi,Democrat,California,-122.095,39.037,0.001293536,110,3006.105892,3.120360995,0.680851064
20959,,Vacant,Florida,-80.166,26.277,0.001034213,0,1514.432752,0,0
21102,Terri A. Sewell,Democrat,Alabama,-87.625,32.444,0.001091375,39,679.7149887,0,0.531855956
21103,Paul A. Gosar,Republican,Arizona,-113.222,34.609,0.001034213,0,2356.358696,0,0
21105,David Schweikert,Republican,Arizona,-111.89,33.667,0.001034213,0,2276.003676,0,0
21106,Eric A. â€œRickâ€ Crawford,Republican,Arkansas,-91.246,35.302,0.001034213,0,509.4133149,0,0
21108,Steve Womack,Republican,Arkansas,-93.599,36.006,0.001034213,0,632.6388023,0,0
21110,Karen Bass,Democrat,California,-118.364,34.017,0.001034213,0,2824.580578,0,0
21116,Daniel Webster,Republican,Florida,-82.167,28.791,0.001034213,0,1180.006359,0,0
21118,Frederica S. Wilson,Democrat,Florida,-80.216,25.911,0.001290425,124,1549.719412,6.766812276,0.71641791
21123,Austin Scott,Republican,Georgia,-83.453,31.78,0.001034213,0,825.7098827,0,0
21128,Adam Kinzinger,Republican,Illinois,-88.8,41.395,0.001034213,0,344.8033599,0,0
21132,Larry Bucshon,Republican,Indiana,-87.198,38.739,0.001034213,0,21.34960256,0,0
21139,Andy Harris,Republican,Maryland,-75.971,38.865,0.001034213,0,974.3102727,0,0
21140,William R. Keating,Democrat,Massachusetts,-70.617,41.747,0.001141645,47,1451.086792,0,0.54084507
21142,Bill Huizenga,Republican,Michigan,-85.991,43.513,0.001034213,0,561.3952204,0,0
21148,Steven M. Palazzo,Republican,Mississippi,-89.094,31.057,0.001034213,0,850.5709422,0,0
21149,Vicky Hartzler,Republican,Missouri,-93.31,38.284,0.001034213,0,533.1189174,0,0
21150,Billy Long,Republican,Missouri,-93.698,36.989,0.001034213,0,596.7914653,0,0
21162,Bill Johnson,Republican,Ohio,-81.554,39.774,0.001034213,0,505.3618355,0,0
21165,Bob Gibbs,Republican,Ohio,-82.059,40.707,0.001034213,0,501.3459354,0,0
21167,Mike Kelly,Republican,Pennsylvania,-80.128,41.496,0.001034213,0,685.2999571,0,0
21172,David N. Cicilline,Democrat,Rhode Island,-71.361,41.762,0.001321158,134,1390.426383,11.73173011,0.744186047
21174,Jeff Duncan,Republican,South Carolina,-82.339,34.356,0.001034213,0,637.0706471,0,0
21178,Charles J. â€œChuckâ€ Fleischmann,Republican,Tennessee,-84.504,35.766,0.001034213,0,390.6819491,0,0
21179,Scott DesJarlais,Republican,Tennessee,-85.96,35.45,0.001034213,0,361.5103894,0,0
21187,Jaime Herrera Beutler,Republican,Washington,-122.189,46.226,0.001034213,0,2970.830342,0,0
21188,David B. McKinley,Republican,West Virginia,-80.267,39.38,0.001034213,0,606.2923396,0,0
21191,H. Morgan Griffith,Republican,Virginia,-81.319,36.992,0.001034213,0,544.8706768,0,0
21193,Mo Brooks,Republican,Alabama,-86.712,34.754,0.001034213,0,423.9919464,0,0
21196,Mark E. Amodei,Republican,Nevada,-117.306,40.646,0.001034213,0,2577.51974,0,0
21198,Suzanne Bonamici,Democrat,Oregon,-123.293,45.688,0.001474295,157,3052.859609,322.2837584,0.834782609
21302,Doug LaMalfa,Republican,California,-121.509,40.747,0.001034213,0,2929.044337,0,0
21303,Jared Huffman,Democrat,California,-123.434,40.144,0.001359465,119,3099.338363,56.83173768,0.708487085
21304,Ami Bera,Democrat,California,-121.219,38.482,0.001034213,1,2942.702656,0,0.303797468
21306,Eric Swalwell,Democrat,California,-121.824,37.644,0.001356938,130,3013.644763,11.32600961,0.732824427
21307,David Valadao,Republican,California,-119.851,36.082,0.001034213,0,2885.394673,0,0
21308,Julia Brownley,Democrat,California,-119.059,34.301,0.001407483,133,2874.705073,19.92187358,0.741312741
21309,Tony CÃ¡rdenas,Democrat,California,-118.431,34.266,0.001262627,91,2821.346939,0.290688588,0.631578947
21311,Raul Ruiz,Democrat,California,-115.72,33.747,0.001522595,162,2604.884559,110.2122931,0.834782609
21312,Mark Takano,Democrat,California,-117.308,33.917,0.001293538,99,2736.466866,3.383110051,0.648648649
21313,Alan S. Lowenthal,Democrat,California,-118.313,33.421,0.001311975,99,2842.746265,5.216333735,0.648648649
21314,Juan Vargas,Democrat,California,-115.516,32.995,0.001346737,102,2617.001064,1.928329289,0.659793814
21315,Scott H. Peters,Democrat,California,-117.117,32.903,0.001034213,14,2759.598579,0,0.487309645
21321,Lois Frankel,Democrat,Florida,-80.167,26.546,0.001254127,90,1487.114049,0.204831778,0.635761589
21326,Bradley Scott Schneider,Democrat,Illinois,-87.938,42.279,0.001643597,141,419.6641797,81.98716833,0.764940239
21328,Rodney Davis,Republican,Illinois,-89.519,39.512,0.001034213,0,227.3070672,0,0
21329,Cheri Bustos,Democrat,Illinois,-90.21,41.39,0.001034213,0,407.0990955,0,0
21333,Andy Barr,Republican,Kentucky,-84.163,38.048,0.001034213,0,270.6739298,0,0
21337,Ann Wagner,Republican,Missouri,-90.534,38.604,0.001034213,0,289.9674371,0,0
21339,Steven Horsford,Democrat,Nevada,-116.001,38.091,0.001094691,27,2502.870983,0,0.506596306
21340,Ann M. Kuster,Democrat,New Hampshire,-71.719,43.769,0.001536866,135,1417.184359,34.69175172,0.747081712
21342,Grace Meng,Democrat,New York,-73.824,40.735,0.001605869,138,1169.563838,89.49685793,0.771084337
21343,Hakeem S. Jeffries,Democrat,New York,-73.907,40.64,0.001801437,159,1161.253965,72.73315365,0.824034335
21344,Sean Patrick Maloney,Democrat,New York,-74.08,41.411,0.001373547,115,1160.982033,8.574274991,0.693140794
21346,Richard Hudson,Republican,North Carolina,-79.54,35.293,0.001034213,0,770.6580196,0,0
21351,Brad R. Wenstrup,Republican,Ohio,-83.566,39.02,0.001034213,0,319.2419641,0,0
21352,Joyce Beatty,Democrat,Ohio,-82.949,39.966,0.001671268,154,398.4394144,47.57762571,0.806722689
21353,David P. Joyce,Republican,Ohio,-81.006,41.553,0.001034213,0,623.9267238,0,0
21355,Markwayne Mullin,Republican,Oklahoma,-95.452,35.155,0.001034213,0,825.07494,0,0
21356,Scott Perry,Republican,Pennsylvania,-76.858,40.263,0.001034213,0,908.1611074,0,0
21358,Matt Cartwright,Democrat,Pennsylvania,-75.406,41.37,0.001034213,0,1052.014629,0,0
21359,Tom Rice,Republican,South Carolina,-79.535,34.127,0.001034213,0,843.7741105,0,0
21360,Randy K. Weber Sr.,Republican,Texas,-94.916,29.461,0.001034213,0,1234.510726,0,0
21362,Joaquin Castro,Democrat,Texas,-98.622,29.475,0.001705719,151,1455.861927,40.79615674,0.796680498
21364,Roger Williams,Republican,Texas,-97.814,31.505,0.001034213,0,1242.416216,0,0
21365,Marc A. Veasey,Democrat,Texas,-97.094,32.754,0.001445486,117,1100.854782,9.968030163,0.698181818
21367,Chris Stewart,Republican,Utah,-112.562,38.758,0.001034213,1,2195.488373,0,1
21368,Derek Kilmer,Democrat,Washington,-123.607,47.592,0.001973326,167,3090.787368,125.5021139,0.853333333
21370,Mark Pocan,Democrat,Wisconsin,-89.748,42.983,0.001192779,40,537.8780898,0,0.523160763
21371,Robin L. Kelly,Democrat,Illinois,-87.796,41.258,0.001793371,154,305.7182215,44.03442878,0.806722689
21372,Daniel T. Kildee,Democrat,Michigan,-83.778,43.686,0.001782912,159,639.1171194,66.07990537,0.824034335
21373,Jason Smith,Republican,Missouri,-90.93,37.19,0.001034213,0,360.5551853,0,0
21375,Katherine M. Clark,Democrat,Massachusetts,-71.311,42.355,0.001794888,144,1406.981816,32.24068935,0.774193548
21500,Gary J. Palmer,Republican,Alabama,-86.713,33.263,0.001034213,0,589.1792806,0,0
21502,Ruben Gallego,Democrat,Arizona,-112.119,33.429,0.001816804,153,2305.347867,43.19639448,0.80334728
21503,J. French Hill,Republican,Arkansas,-92.391,35.091,0.001034213,0,600.8747546,0,0
21504,Mark DeSaulnier,Democrat,California,-121.985,37.899,0.001606456,111,3021.320437,8.360602993,0.676056338
21506,Pete Aguilar,Democrat,California,-117.354,34.11,0.00224276,162,2733.342445,168.3942726,0.834782609
21507,Ted Lieu,Democrat,California,-118.597,34.031,0.001689518,128,2844.327321,9.46790054,0.727272727
21508,Norma J. Torres,Democrat,California,-117.588,34.047,0.001324173,66,2755.998359,0,0.574850299
21510,Ken Buck,Republican,Colorado,-103.375,39.062,0.001034213,0,1401.018828,0,0
21513,Earl L. â€œBuddyâ€ Carter,Republican,Georgia,-81.991,31.308,0.001034213,0,934.113031,0,0
21514,Jody B. Hice,Republican,Georgia,-83.062,33.427,0.001034213,0,680.0086613,0,0
21515,Barry Loudermilk,Republican,Georgia,-84.651,34.191,0.001034213,0,535.3384342,0,0
21516,Rick W. Allen,Republican,Georgia,-82.221,32.411,0.001034213,0,817.415375,0,0
21519,Mike Bost,Republican,Illinois,-89.432,37.99,0.001034213,0,204.5388964,0,0
21523,Garret Graves,Republican,Louisiana,-91.055,30.311,0.001034213,0,981.4440825,0,0
21525,Seth Moulton,Democrat,Massachusetts,-70.98,42.636,0.001723735,141,1440.271775,26.21961129,0.764940239
21526,John R. Moolenaar,Republican,Michigan,-84.751,43.735,0.001034213,0,612.1402591,0,0
21529,Debbie Dingell,Democrat,Michigan,-83.463,42.215,0.001837527,143,516.110405,22.57721613,0.771084337
21530,Brenda L. Lawrence,Democrat,Michigan,-83.203,42.48,0.001883288,150,552.4565262,33.82406889,0.79338843
21531,Tom Emmer,Republican,Minnesota,-93.854,45.335,0.001034213,0,933.4485036,0,0
21536,Donald Norcross,Democrat,New Jersey,-75.051,39.789,0.001115962,14,1055.496673,0,0.489795918
21538,Bonnie Watson Coleman,Democrat,New Jersey,-74.571,40.373,0.001949932,144,1101.954468,159.5597375,0.790123457
21539,Lee M. Zeldin,Republican,New York,-72.688,40.913,0.001034213,0,1266.910996,0,0
21540,Kathleen M. Rice,Democrat,New York,-73.616,40.672,0.001034213,0,1186.053783,0,0
21541,Elise M. Stefanik,Republican,New York,-74.529,44.019,0.001034213,0,1219.107589,0,0
21542,John Katko,Republican,New York,-76.535,43.062,0.001034213,0,1027.296632,0,0
21544,David Rouzer,Republican,North Carolina,-78.349,34.661,0.001034213,0,899.8461708,0,0
21545,Alma S. Adams,Democrat,North Carolina,-80.838,35.272,0.001946971,154,672.3947079,38.91672224,0.806722689
21548,Brendan Boyle,Democrat,Pennsylvania,-75.06,40.048,0.001945434,148,1056.948669,32.2973755,0.786885246
21551,Brian Babin,Republican,Texas,-94.414,30.46,0.001034213,0,1115.253993,0,0
21554,"Donald S. Beyer, Jr.",Democrat,Virginia,-77.137,38.79,0.002099184,159,873.5409266,54.79021592,0.824034335
21556,Dan Newhouse,Republican,Washington,-119.705,47.299,0.001034213,0,2795.601804,0,0
21557,Alexander X. Mooney,Republican,West Virginia,-80.185,38.839,0.001034213,0,609.4487234,0,0
21559,Glenn Grothman,Republican,Wisconsin,-88.704,43.797,0.001034213,0,597.1788695,0,0
21561,Trent Kelly,Republican,Mississippi,-89.006,34.196,0.001034213,0,510.1099416,0,0
21562,Darin LaHood,Republican,Illinois,-90.076,40.23,0.001034213,0,310.053283,0,0
21563,Bruce Westerman,Republican,Arkansas,-93.213,34.226,0.001034213,0,721.2608544,0,0
21564,Warren Davidson,Republican,Ohio,-84.416,39.904,0.001034213,0,283.2369141,0,0
21565,James Comer,Republican,Kentucky,-87.185,37.082,0.001034213,0,162.905209,0,0
21566,Dwight Evans,Democrat,Pennsylvania,-75.198,40.005,0.002073557,153,1044.817514,43.76410835,0.80334728
21700,Jodey C. Arrington,Republican,Texas,-101.217,33.245,0.001034213,0,1391.515802,0,0
21701,Don Bacon,Republican,Nebraska,-96.16,41.229,0.001034213,0,820.1554454,0,0
21702,Jim Banks,Republican,Indiana,-85.231,41.102,0.001034213,0,330.0677671,0,0
21703,Nanette Diaz Barragan,Democrat,California,-118.238,33.856,0.001788162,108,2819.603071,4.779836505,0.668989547
21704,Jack Bergman,Republican,Michigan,-86.443,45.865,0.001034213,0,816.0922595,0,0
21705,Andy Biggs,Republican,Arizona,-111.715,33.338,0.001034213,0,2274.193068,0,0
21706,Lisa Blunt Rochester,Democrat,Delaware,-75.507,38.992,0.002200685,163,1014.152982,71.55327284,0.838427948
21707,Anthony G. Brown,Democrat,Maryland,-76.752,38.967,0.001053221,5,906.571696,0,0.476426799
21708,Ted Budd,Republican,North Carolina,-79.794,35.911,0.001034213,0,717.8514705,0,0
21709,Salud O. Carbajal,Democrat,California,-120.095,35.013,0.002195061,167,2940.146983,102.9681222,0.853333333
21710,Liz Cheney,Republican,Wyoming,-107.551,43,0.001034213,0,1778.831046,0,0
21711,J. Luis Correa,Democrat,California,-117.896,33.791,0.002184684,152,2792.309207,47.49865896,0.8
21712,,Vacant,Florida,-82.722,27.85,0.001034213,0,1259.81842,0,0
21713,Val Butler Demings,Democrat,Florida,-81.511,28.544,0.002005995,117,1230.177319,72.61091302,0.698181818
21714,Neil P. Dunn,Republican,Florida,-84.13,30.078,0.001034213,0,982.8096884,0,0
21715,Adriano Espaillat,Democrat,New York,-73.928,40.839,0.001903714,108,1162.503198,43.96661185,0.680851064
21717,A. Drew Ferguson IV,Republican,Georgia,-84.733,33.148,0.001034213,0,640.0902677,0,0
21718,Brian Fitzpatrick,Republican,Pennsylvania,-75.115,40.333,0.001034213,0,1055.653567,0,0
21719,Matt Gaetz,Republican,Florida,-86.645,30.716,0.001034213,0,872.2359088,0,0
21720,Mike Gallagher,Republican,Wisconsin,-88.287,44.811,0.001034213,0,702.3418281,0,0
21722,Vicente Gonzalez,Democrat,Texas,-98.261,27.756,0.001034213,0,1578.655137,0,0
21723,Josh S. Gottheimer,Democrat,New Jersey,-74.628,41.058,0.001078869,25,1108.482297,1.711074919,0.5
21724,Clay Higgins,Republican,Louisiana,-92.473,30.024,0.001034213,0,1063.885885,0,0
21725,Trey Hollingsworth,Republican,Indiana,-86.207,38.787,0.001034213,0,90.1646264,0,0
21726,Pramila Jayapal,Democrat,Washington,-122.376,47.589,0.001976958,109,2998.944895,46.96453725,0.683274021
21727,Mike Johnson,Republican,Louisiana,-93.18,31.798,0.001034213,0,926.1624365,0,0
21728,Ro Khanna,Democrat,California,-121.961,37.438,0.002193846,136,3030.546449,21.34570566,0.75
21730,Raja Krishnamoorthi,Democrat,Illinois,-88.097,42.008,0.002180031,147,392.3059517,35.68506403,0.783673469
21731,David Kustoff,Republican,Tennessee,-89.099,35.861,0.001034213,0,342.7894876,0,0
21732,"Al Lawson, Jr.",Democrat,Florida,-83.327,30.449,0.002338609,142,967.5774565,44.60633743,0.768
21735,Brian J. Mast,Republican,Florida,-80.415,27.127,0.001034213,0,1418.130069,0,0
21736,A. Donald McEachin,Democrat,Virginia,-77.162,36.958,0.001034213,0,899.4521625,0,0
21738,Stephanie N. Murphy,Democrat,Florida,-81.245,28.688,0.001034213,0,1226.35234,0,0
21739,Tom O'Halleran,Democrat,Arizona,-110.735,34.985,0.001157777,30,2127.46416,0.023255814,0.514745308
21740,Jimmy Panetta,Democrat,California,-121.216,36.36,0.002269874,139,2995.47154,435.7287411,0.761904762
21741,Jamie Raskin,Democrat,Maryland,-77.251,39.433,0.001704824,77,864.9501521,1.419843607,0.6
21744,John H. Rutherford,Republican,Florida,-81.655,30.357,0.001034213,0,1042.415082,0,0
21745,Lloyd Smucker,Republican,Pennsylvania,-76.394,39.968,0.001034213,0,943.0103225,0,0
21746,Darren Soto,Democrat,Florida,-81.285,28.035,0.002297632,137,1290.896047,54.09154077,0.752941176
21747,Thomas R. Suozzi,Democrat,New York,-73.495,40.831,0.001629241,67,1198.44689,0.056318674,0.576576577
21749,Claudia Tenney,Republican,New York,-75.657,42.873,0.001034213,0,1083.982663,0,0
21750,Ron Estes,Republican,Kansas,-97.74,37.544,0.001034213,0,929.2468347,0,0
21753,Ralph Norman,Republican,South Carolina,-81.02,34.539,0.001034213,0,709.1496566,0,0
21754,Jimmy Gomez,Democrat,California,-118.228,34.075,0.00222178,119,2810.623105,60.59701923,0.708487085
21755,John R. Curtis,Republican,Utah,-110.228,38.68,0.001034213,0,1995.629495,0,0
21756,Conor Lamb,Democrat,Pennsylvania,-80.191,40.61,0.002008708,98,642.6937255,43.74735254,0.648648649
21757,Debbie Lesko,Republican,Arizona,-112.3,33.693,0.001034213,0,2310.438496,0,0
21758,Michael Cloud,Republican,Texas,-96.877,28.873,0.001034213,0,1397.665209,0,0
21759,Troy Balderson,Republican,Ohio,-82.615,40.238,0.001034213,0,436.4168521,0,0
21760,Kevin Hern,Republican,Oklahoma,-95.786,36.212,0.001034213,0,801.549169,0,0
21761,Joseph D. Morelle,Democrat,New York,-77.682,43.161,0.002610028,143,949.8213078,54.24758041,0.771084337
21762,Mary Gay Scanlon,Democrat,Pennsylvania,-75.379,39.922,0.002527851,151,1028.656524,37.24424869,0.796680498
21763,Susan Wild,Democrat,Pennsylvania,-75.418,40.728,0.001134964,20,1036.670499,0,0.501305483
21900,Colin Z. Allred,Democrat,Texas,-96.652,32.921,0.001913868,99,1057.028662,5.89534858,0.650847458
21901,Kelly Armstrong,Republican,North Dakota,-100.469,47.446,0.001034213,0,1460.471607,0,0
21902,Cindy Axne,Democrat,Iowa,-94.637,41.204,0.002741671,129,699.7904545,110.7162267,0.730038023
21903,James R. Baird,Republican,Indiana,-86.862,40.384,0.001034213,0,206.3029397,0,0
21905,Tim Burchett,Republican,Tennessee,-83.826,36.047,0.001034213,0,407.7364571,0,0
21906,Sean Casten,Democrat,Illinois,-88.179,42.028,0.001034213,0,395.8859304,0,0
21908,Ben Cline,Republican,Virginia,-79.191,38.135,0.001034213,0,699.6862892,0,0
21910,Angie Craig,Democrat,Minnesota,-92.849,44.488,0.001534939,45,810.5194519,5.951279527,0.536312849
21911,Daniel Crenshaw,Republican,Texas,-95.338,29.965,0.001034213,0,1211.3527,0,0
21912,Jason A. Crow,Democrat,Colorado,-104.74,39.775,0.002436928,132,1516.052412,27.77766063,0.738461538
21914,Sharice Davids,Democrat,Kansas,-94.793,38.892,0.00266377,128,659.7513307,73.83881023,0.727272727
21915,Madeleine Dean,Democrat,Pennsylvania,-75.398,40.222,0.003213788,167,1030.355947,126.1920749,0.853333333
21917,Veronica Escobar,Democrat,Texas,-106.282,31.858,0.001034213,0,1881.942541,0,0
21919,Lizzie Fletcher,Democrat,Texas,-95.606,29.793,0.002526947,107,1242.017149,34.05721669,0.668989547
21920,Russ Fulcher,Republican,Idaho,-116.033,45.363,0.001034213,0,2486.444436,0,0
21921,JesÃºs G. Garcia,Democrat,Illinois,-87.765,41.872,0.001067652,3,372.8314288,0,0.45823389
21922,Sylvia R. Garcia,Democrat,Texas,-95.266,29.783,0.001034213,0,1223.803873,0,0
21923,Jared F. Golden,Democrat,Maine,-69.128,45.556,0.001034213,0,1678.036511,0,0
21924,Anthony Gonzalez,Republican,Ohio,-81.738,40.973,0.001034213,0,538.9848584,0,0
21925,Lance Gooden,Republican,Texas,-95.736,32.227,0.001034213,0,1044.454255,0,0
21926,Mark E. Green,Republican,Tennessee,-87.832,35.637,0.001034213,0,328.4092495,0,0
21927,Michael Guest,Republican,Mississippi,-89.733,32.015,0.001034213,0,761.7802277,0,0
21930,Josh Harder,Democrat,California,-121.061,37.581,0.003097813,139,2949.615397,77.40278431,0.758893281
21931,Jahana Hayes,Democrat,Connecticut,-73.219,41.691,0.002750923,140,1237.455764,18.00972204,0.761904762
21934,Chrissy Houlahan,Democrat,Pennsylvania,-75.777,40.024,0.002573166,107,995.9325748,19.82614204,0.673684211
21935,Dusty Johnson,Republican,South Dakota,-100.23,44.436,0.001034213,0,1265.349421,0,0
21936,John Joyce,Republican,Pennsylvania,-78.259,40.104,0.001034213,0,787.8538197,0,0
21937,Andy Kim,Democrat,New Jersey,-74.563,39.919,0.003277842,158,1098.018404,81.21803917,0.820512821
21938,Susie Lee,Democrat,Nevada,-115.114,35.731,0.002013628,52,2484.512721,7.868518276,0.547008547
21939,Mike Levin,Democrat,California,-117.389,33.317,0.004031707,168,2766.539785,183.1155396,0.857142857
21940,Andy Levin,Democrat,Michigan,-83.053,42.532,0.003713321,138,564.7242054,144.118506,0.771084337
21941,Elaine Luria,Democrat,Virginia,-75.945,37.355,0.002354936,69,994.9817334,13.59552574,0.580060423
21942,Tom Malinowski,Democrat,New Jersey,-74.789,40.628,0.002416289,89,1087.327887,3.445208735,0.633663366
21944,Lucy McBath,Democrat,Georgia,-84.345,34.01,0.00354679,145,565.5681747,61.40995144,0.777327935
21945,Dan Meuser,Republican,Pennsylvania,-76.172,40.771,0.001034213,0,975.06186,0,0
21946,Carol Miller,Republican,West Virginia,-81.198,37.994,0.001034213,0,527.3783758,0,0
21948,Joe Neguse,Democrat,Colorado,-105.73,40.145,0.003851472,167,1600.421403,115.7600413,0.853333333
21949,Alexandria Ocasio-Cortez,Democrat,New York,-73.856,40.804,0.001034213,4,1167.944217,380,0.332755633
21950,Ilhan Omar,Democrat,Minnesota,-93.295,44.981,0.001034213,1,875.4714403,0,0.329896907
21951,Chris Pappas,Democrat,New Hampshire,-71.223,43.476,0.002556526,59,1445.198083,5.437174475,0.563049853
21952,Greg Pence,Republican,Indiana,-85.363,39.481,0.001034213,0,189.5937023,0,0
21953,Dean Phillips,Democrat,Minnesota,-93.53,44.996,0.003348158,123,888.1273945,11.75437486,0.713754647
21954,Katie Porter,Democrat,California,-117.671,33.706,0.003396595,143,2775.967438,28.61242327,0.771084337
21955,Ayanna Pressley,Democrat,Massachusetts,-71.081,42.302,0.002402587,20,1424.262953,939,0.491048593
21956,Guy Reschenthaler,Republican,Pennsylvania,-79.935,40.08,0.001034213,0,647.5406972,0,0
21959,John W. Rose,Republican,Tennessee,-85.781,36.2,0.001034213,0,289.4861434,0,0
21961,Chip Roy,Republican,Texas,-98.96,30.018,0.001034213,0,1435.470688,0,0
21962,Kim Schrier,Democrat,Washington,-121.003,47.423,0.003078927,79,2894.334445,25.08612904,0.598130841
21964,Mikie Sherrill,Democrat,New Jersey,-74.451,40.904,0.001034213,0,1120.165169,0,0
21965,Elissa Slotkin,Democrat,Michigan,-83.941,42.647,0.001034213,0,532.3520688,0,0
21966,Abigail Davis Spanberger,Democrat,Virginia,-77.901,37.826,0.00161633,11,816.2307342,0,0.446511628
21968,Greg Stanton,Democrat,Arizona,-111.949,33.406,0.005087109,141,2291.601709,136.8518563,0.764940239
21969,Pete Stauber,Republican,Minnesota,-93.136,47.207,0.001034213,0,1076.853692,0,0
21970,Bryan Steil,Republican,Wisconsin,-88.372,42.712,0.001034213,0,473.5729965,0,0
21971,W. Gregory Steube,Republican,Florida,-81.528,27.244,0.001034213,0,1363.034757,0,0
21972,Haley Stevens,Democrat,Michigan,-83.457,42.532,0.004558613,164,544.2373339,129.590348,0.842105263
21973,Van Taylor,Republican,Texas,-96.615,33.158,0.001034213,0,1037.945543,0,0
21974,William R. Timmons IV,Republican,South Carolina,-82.172,34.941,0.001034213,0,600.9849917,0,0
21975,Rashida Tlaib,Democrat,Michigan,-83.252,42.325,0.001255057,2,536.583281,0,0.250325945
21977,Lori Trahan,Democrat,Massachusetts,-71.575,42.585,0.004301185,164,1391.576686,87.33761566,0.842105263
21978,David Trone,Democrat,Maryland,-78.387,39.499,0.002999859,65,768.2428924,1.610476022,0.573134328
21979,Lauren Underwood,Democrat,Illinois,-88.432,42.028,0.004688659,158,400.9361389,68.61666994,0.820512821
21981,Mike Waltz,Republican,Florida,-81.301,29.179,0.001034213,0,1174.741019,0,0
21983,Jennifer Wexton,Democrat,Virginia,-77.837,39.084,0.005053672,122,812.9518095,62.21699845,0.711111111
21985,Fred Keller,Republican,Pennsylvania,-77.045,41.349,0.001034213,0,919.2539591,0,0
21986,Dan Bishop,Republican,North Carolina,-79.698,34.902,0.001034213,0,781.3891405,0,0
21987,Gregory F. Murphy,Republican,North Carolina,-76.891,35.378,0.001034213,0,980.5840123,0,0
21988,Mike Garcia,Republican,California,-118.284,34.587,0.001034213,0,2797.219709,0,0
21989,Thomas P. Tiffany,Republican,Wisconsin,-90.656,45.59,0.001034213,0,833.2958501,0,0
21990,Chris Jacobs,Republican,New York,-78.222,42.892,0.001034213,0,896.8860087,0,0
21993,Eleanor Holmes Norton,Democrat,District of Columbia,-77.015,38.91,0.001034213,0,883.8760316,0,0
22100,Jake Auchincloss,Democrat,Massachusetts,-71.233,41.995,0.003890893,144,1405.398472,41.54704674,0.774193548
22101,Cliff Bentz,Republican,Oregon,-119.552,43.86,0.001034213,0,2751.743776,0,0
22102,Stephanie Bice,Republican,Oklahoma,-96.994,35.307,0.001034213,0,941.6224755,0,0
22103,Lauren Boebert,Republican,Colorado,-107.238,38.78,0.001034213,0,1736.574397,0,0
22104,Carolyn Bourdeaux,Democrat,Georgia,-84.083,34.042,0.004561481,122,573.4182154,30.51087207,0.711111111
22105,Jamaal Bowman,Democrat,New York,-73.814,40.945,0.001511496,2,1173.73265,0,0.331606218
22106,Cori Bush,Democrat,Missouri,-90.295,38.728,0.002327176,2,269.6442935,0,0.250325945
22107,Kat Cammack,Republican,Florida,-82.059,29.678,0.001034213,0,1093.331843,0,0
22108,Jerry Carl,Republican,Alabama,-87.765,31.097,0.001034213,0,830.0062551,0,0
22109,Madison Cawthorn,Republican,North Carolina,-82.878,35.482,0.001034213,0,513.0497567,0,0
22110,Andrew Clyde,Republican,Georgia,-83.687,34.506,0.001034213,0,547.9637298,0,0
22111,Byron Donalds,Republican,Florida,-81.83,26.464,0.001034213,0,1434.058514,0,0
22112,Pat Fallon,Republican,Texas,-95.404,33.31,0.001034213,0,939.9995411,0,0
22113,Randy Feenstra,Republican,Iowa,-94.641,42.626,0.001034213,0,774.5189533,0,0
22114,Michelle Fischbach,Republican,Minnesota,-95.687,46.595,0.001034213,0,1131.700855,0,0
22115,Scott Fitzgerald,Republican,Wisconsin,-88.534,43.199,0.001034213,0,529.2961209,0,0
22116,Scott Franklin,Republican,Florida,-81.977,28.199,0.001034213,0,1248.039189,0,0
22117,Andrew Garbarino,Republican,New York,-73.285,40.729,0.001034213,0,1214.523693,0,0
22118,Carlos Gimenez,Republican,Florida,-80.817,25.452,0.001034213,0,1574.441341,0,0
22119,Tony Gonzales,Republican,Texas,-102.363,30.379,0.001034213,0,1657.131481,0,0
22120,Bob Good,Republican,Virginia,-78.742,37.347,0.001034213,0,753.1818815,0,0
22121,Marjorie Taylor Greene,Republican,Georgia,-85.095,34.433,0.001034213,0,494.5727195,0,0
22122,Diana Harshbarger,Republican,Tennessee,-82.795,36.215,0.001034213,0,467.5184193,0,0
22123,Yvette Herrell,Republican,New Mexico,-106.297,33.381,0.001034213,0,1808.212023,0,0
22124,Ashley Hinson,Republican,Iowa,-91.892,42.525,0.001034213,0,593.8921312,0,0
22125,Ronny Jackson,Republican,Texas,-100.617,34.838,0.001034213,0,1264.014927,0,0
22126,Sara Jacobs,Democrat,California,-117.032,32.719,0.002749095,100,2759.842669,1.10788101,0.650847458
22127,Mondaire Jones,Democrat,New York,-73.911,41.159,0.003324406,111,1169.593269,49.06920352,0.688172043
22128,Kai Kahele,Democrat,Hawaii,-156.291,20.208,0.004713959,137,6838.32064,16.27827615,0.752941176
22129,Young Kim,Republican,California,-117.84,33.938,0.001034213,0,2781.938737,0,0
22130,Jake LaTurner,Republican,Kansas,-95.435,38.488,0.001034213,0,716.3299213,0,0
22131,Teresa Leger Fernandez,Democrat,New Mexico,-105.822,35.995,0.004853189,157,1669.135991,54.42557101,0.817021277
22132,Nancy Mace,Republican,South Carolina,-80.158,32.794,0.001034213,0,901.5111781,0,0
22133,Nicole Malliotakis,Republican,New York,-74.136,40.584,0.001034213,0,1141.293464,0,0
22134,Tracy Mann,Republican,Kansas,-99.403,38.73,0.001034213,0,1059.382956,0,0
22135,Kathy Manning,Democrat,North Carolina,-79.88,36.081,0.005692447,144,702.6757979,111.5102651,0.774193548
22136,Lisa McClain,Republican,Michigan,-82.99,43.323,0.001034213,0,637.7943914,0,0
22137,Peter Meijer,Republican,Michigan,-85.244,42.717,0.001034213,0,492.1170278,0,0
22138,Mary Miller,Republican,Illinois,-88.436,38.911,0.001034213,0,114.6817735,0,0
22139,Mariannette Miller-Meeks,Republican,Iowa,-92.149,41.208,0.001034213,0,515.5828607,0,0
22140,Barry Moore,Republican,Alabama,-86.071,31.708,0.001034213,0,767.3297431,0,0
22141,Blake Moore,Republican,Utah,-111.329,40.945,0.001034213,0,2073.484005,0,0
22142,Frank J. Mrvan,Democrat,Indiana,-87.158,41.458,0.005248477,128,323.7072572,35.25012453,0.727272727
22143,Troy Nehls,Republican,Texas,-95.683,29.518,0.001034213,0,1271.152472,0,0
22144,DMarie Newman,Democrat,Illinois,-87.896,41.678,0.003963023,124,353.1569592,65.20689651,0.727272727
22145,Jay Obernolte,Republican,California,-116.812,35.675,0.001034213,0,2633.786453,0,0
22146,Burgess Owens,Republican,Utah,-111.85,39.88,0.001917588,1,2122.190124,0,1
22147,August Pfluger,Republican,Texas,-100.083,31.736,0.001034213,0,1392.865816,0,0
22148,Matt Rosendale,Republican,Montana,-109.645,47.033,0.001034213,0,2050.196037,0,0
22149,Deborah K. Ross,Democrat,North Carolina,-78.719,35.729,0.007315978,170,813.9651179,291.9180695,0.864864865
22150,Maria Elvira Salazar,Republican,Florida,-80.286,25.699,0.001034213,0,1568.684984,0,0
22151,Victoria Spartz,Republican,Indiana,-85.861,40.254,0.001034213,0,221.9045252,0,0
22152,Michelle Steel,Republican,California,-117.887,33.643,0.001034213,0,2797.145599,0,0
22153,Marilyn Strickland,Democrat,Washington,-122.752,47.031,0.001948323,2,3020.834449,191,0.43537415
22154,Ritchie Torres,Democrat,New York,-73.893,40.828,0.00360876,102,1165.240579,2.018899994,0.655290102
22155,Beth Van Duyne,Republican,Texas,-97.011,32.92,0.001034213,0,1083.327142,0,0
22156,Nikema Williams,Democrat,Georgia,-84.401,33.707,0.005839581,151,593.8772588,211.8883394,0.813559322
22157,Julia Letlow,Republican,Louisiana,-91.825,31.768,0.001034213,0,862.8533419,0,0
22158,Troy A. Carter,Democrat,Louisiana,-90.642,30.049,0.001034213,0,996.2335326,0,0
22159,Melanie A. Stansbury,Democrat,New Mexico,-106.055,34.769,0.001034213,0,1730.230948,0,0
22160,Jake Ellzey,Republican,Texas,-96.675,32.231,0.001034213,0,1108.457169,0,0
22161,Shontel M. Brown,Democrat,Ohio,-81.589,41.37,0.001034213,0,571.791139,0,0
22162,Mike Carey,Republican,Ohio,-82.753,39.577,0.001034213,0,400.5331205,0,0
22164,Connie Conway,Republican,California,-119.389,36.487,0.001034213,0,2833.794669,0,0
22165,Mayra Flores,Republican,Texas,-97.665,27.692,0.001034213,0,1549.080116,0,0
22166,Mike Flood,Republican,Nebraska,-96.831,41.378,0.001034213,0,878.5787789,0,0
22167,Brad Finstad,Democrat,Minnesota,-93.705,43.887,0.001034213,0,804.8991309,0,0
22168,Marry Sattler Peltola,Democrat,Alaska,-152.56,64.23,0.001034213,0,5041.228309,0,0
22169,Patrick Ryan,Democrat,New York,-74.421,42.215,0.001034213,0,1155.202368,0,0
22170,Joseph Sempolinski,Republican,New York,-77.751,42.331,0.001034213,0,902.7889671,0,0
22171,,Vacant,Indiana,-86.233,41.244,0.001034213,0,311.0033545,0,0
29106,Maxine Waters,Democrat,California,-118.335,33.904,0.001034213,0,2826.245113,0,0
29109,Rosa L. DeLauro,Democrat,Connecticut,-72.878,41.385,0.003462036,81,1258.962243,0.37872219,0.615384615
29312,Anna G. Eshoo,Democrat,California,-122.123,37.217,0.006096149,149,3050.168994,31.17119403,0.790123457
29317,Lucille Roybal-Allard,Democrat,California,-118.178,33.969,0.006878941,154,2810.179028,40.07553828,0.806722689
29323,Ken Calvert,Republican,California,-117.226,33.679,0.001034213,0,2738.31836,0,0
29337,Sheila Cherfilus-McCormick,Democrat,Florida,-80.58,26.448,0.001034213,0,1480.535932,0,0
29339,Sanford D. Bishop Jr.,Democrat,Georgia,-84.411,31.821,0.005755934,116,789.5318231,8.189649662,0.695652174
29346,Bobby L. Rush,Democrat,Illinois,-87.834,41.544,0.006762948,147,337.603375,33.6753467,0.783673469
29368,Bennie G. Thompson,Democrat,Mississippi,-90.346,33.2,0.008210736,161,658.5940783,97.0319272,0.831168831
29377,Jerrold Nadler,Democrat,New York,-73.992,40.694,0.002522892,38,1154.923445,0.013333333,0.520325203
29378,Nydia M. VelÃ¡zquez,Democrat,New York,-73.947,40.687,0.005380804,110,1158.581324,45.84427379,0.685714286
29379,Carolyn B. Maloney,Democrat,New York,-73.951,40.749,0.005944473,118,1159.173368,12.69862364,0.693140794
29393,Frank D. Lucas,Republican,Oklahoma,-98.839,36.121,0.001034213,0,1063.055288,0,0
29504,Zoe Lofgren,Democrat,California,-121.586,37.207,0.002671274,40,3004.199418,0,0.54084507
29550,Steve Chabot,Republican,Ohio,-84.345,39.337,0.001034213,0,261.9800887,0,0
29561,Michael F. Doyle,Democrat,Pennsylvania,-79.903,40.371,0.001034213,0,658.1504283,0,0
29571,Lloyd Doggett,Democrat,Texas,-97.886,29.918,0.006707533,131,1371.365835,12.64284205,0.735632184
29573,Sheila Jackson Lee,Democrat,Texas,-95.377,29.889,0.008054818,136,1220.404977,12.63796127,0.75
29588,Earl Blumenauer,Democrat,Oregon,-122.199,45.389,0.006263252,94,2966.426259,1.227307665,0.637873754
29701,Robert B. Aderholt,Republican,Alabama,-87.2,34.12,0.001034213,0,492.2599484,0,0
29707,Brad Sherman,Democrat,California,-118.545,34.203,0.009850685,150,2833.531868,30.70471413,0.79338843
29710,Diana DeGette,Democrat,Colorado,-104.908,39.732,0.010348486,151,1530.46233,34.90550614,0.796680498
29717,Danny K. Davis,Democrat,Illinois,-87.737,41.864,0.001215932,2,371.6501412,0,0.457142857
29729,James P. McGovern,Democrat,Massachusetts,-72.118,42.386,0.00859874,101,1343.108948,40.86125115,0.664359862
29741,Bill Pascrell Jr.,Democrat,New Jersey,-74.078,40.862,0.002385726,35,1150.403392,0.100282486,0.533333333
29759,Pete Sessions,Republican,Texas,-96.656,31.163,0.001034213,0,1189.827341,0,0
29760,Kevin Brady,Republican,Texas,-95.547,30.821,0.001034213,0,1148.123989,0,0
29762,Kay Granger,Republican,Texas,-97.669,32.817,0.001034213,0,1139.061764,0,0
29768,Adam Smith,Democrat,Washington,-122.244,47.463,0.011289804541618374,142,2987.51546,23.62593694,0.768
29769,Ron Kind,Democrat,Wisconsin,-90.916,44.068,0.006102361,77,687.758444,0.547045285,0.60952381
29776,Gregory W. Meeks,Democrat,New York,-73.776,40.66,0.009323349,110,1172.497612,1.734096083,0.680851064
29778,Barbara Lee,Democrat,California,-122.221,37.788,0.009660074,97,3044.213624,38.20903611,0.655290102
29901,Mike Thompson,Democrat,California,-122.468,38.535,0.018479538005882444,165,3048.224916,106.5545305,0.845814978
29903,Grace F. Napolitano,Democrat,California,-117.915,34.09,0.020447805881181162,163,2782.855488,86.14570862,0.838427948
29908,John B. Larson,Democrat,Connecticut,-72.801,41.811,0.010728687175470139,85,1274.126019,0.363059897,0.621359223
29910,Michael K. Simpson,Republican,Idaho,-113.362,43.469,0.001034213,0,2252.31929,0,0
29911,Janice D. Schakowsky,Democrat,Illinois,-87.81,42.052,0.014239361,84,393.1642614,1.350125772,0.617363344
31101,Suzan K. DelBene,Democrat,Washington,-121.632,48.348,0.030968335,169,2955.250982,174.168596,0.860986547
31102,Thomas Massie,Republican,Kentucky,-84.427,38.571,0.001034213,0,241.0330612,0,0
31103,Donald M. Payne Jr.,Democrat,New Jersey,-74.212,40.71,0.029286928,144,1136.792359,114.6182713,0.790123457
39301,James E. Clyburn,Democrat,South Carolina,-80.525,33.226,0.016516234,56,843.0657359,0,0.569732938
39305,Eddie Bernice Johnson,Democrat,Texas,-96.801,32.657,0.040396633,136,1086.413014,14.91932438,0.75
39307,Robert C. â€œBobbyâ€ Scott,Democrat,Virginia,-76.59,36.899,0.095181135,149,950.3355898,31.53138278,0.790123457
91980,Jeff Van Drew,Democrat,New Jersey,-74.908,39.477,0.001034213,0,1066.126382,0,0
