icpsr,NAME,PARTY,STATE_NAME,LonX,LatY
22168,Marry Sattler Peltola,Democrat,Alaska,-152.56,64.23
22108,Jerry Carl,Republican,Alabama,-87.765,31.097
22140,Barry Moore,Republican,Alabama,-86.071,31.708
20301,Mike Rogers,Republican,Alabama,-85.707,33.156
29701,Robert B. Aderholt,Republican,Alabama,-87.2,34.12
21193,Mo Brooks,Republican,Alabama,-86.712,34.754
21500,Gary J. Palmer,Republican,Alabama,-86.713,33.263
21102,Terri A. Sewell,Democrat,Alabama,-87.625,32.444
21106,Eric A. “Rick” Crawford,Republican,Arkansas,-91.246,35.302
21503,J. French Hill,Republican,Arkansas,-92.391,35.091
21108,Steve Womack,Republican,Arkansas,-93.599,36.006
21563,Bruce Westerman,Republican,Arkansas,-93.213,34.226
21739,Tom O'Halleran,Democrat,Arizona,-110.735,34.985
20902,Ann Kirkpatrick,Democrat,Arizona,-109.957,31.927
20305,Raúl M. Grijalva,Democrat,Arizona,-112.444,32.366
21103,Paul A. Gosar,Republican,Arizona,-113.222,34.609
21705,Andy Biggs,Republican,Arizona,-111.715,33.338
21105,David Schweikert,Republican,Arizona,-111.89,33.667
21502,Ruben Gallego,Democrat,Arizona,-112.119,33.429
21757,Debbie Lesko,Republican,Arizona,-112.3,33.693
21968,Greg Stanton,Democrat,Arizona,-111.949,33.406
21302,Doug LaMalfa,Republican,California,-121.509,40.747
21303,Jared Huffman,Democrat,California,-123.434,40.144
20958,John Garamendi,Democrat,California,-122.095,39.037
20903,Tom McClintock,Republican,California,-119.937,37.988
29901,Mike Thompson,Democrat,California,-122.468,38.535
20538,Doris O. Matsui,Democrat,California,-121.479,38.595
21304,Ami Bera,Democrat,California,-121.219,38.482
22145,Jay Obernolte,Republican,California,-116.812,35.675
20702,Jerry McNerney,Democrat,California,-121.303,38.01
21930,Josh Harder,Democrat,California,-121.061,37.581
21504,Mark DeSaulnier,Democrat,California,-121.985,37.899
15448,Nancy Pelosi,Democrat,California,-122.435,37.763
29778,Barbara Lee,Democrat,California,-122.221,37.788
20762,Jackie Speier,Democrat,California,-122.376,37.524
21306,Eric Swalwell,Democrat,California,-121.824,37.644
20501,Jim Costa,Democrat,California,-120.531,37.112
21728,Ro Khanna,Democrat,California,-121.961,37.438
29312,Anna G. Eshoo,Democrat,California,-122.123,37.217
29504,Zoe Lofgren,Democrat,California,-121.586,37.207
21740,Jimmy Panetta,Democrat,California,-121.216,36.36
21307,David Valadao,Republican,California,-119.851,36.082
22164,Connie Conway,Republican,California,-119.389,36.487
20703,Kevin McCarthy,Republican,California,-118.537,35.615
21709,Salud O. Carbajal,Democrat,California,-120.095,35.013
21988,Mike Garcia,Republican,California,-118.284,34.587
21308,Julia Brownley,Democrat,California,-119.059,34.301
20955,Judy Chu,Democrat,California,-117.94,34.279
20104,Adam B. Schiff,Democrat,California,-118.291,34.25
21309,Tony Cárdenas,Democrat,California,-118.431,34.266
29707,Brad Sherman,Democrat,California,-118.545,34.203
21506,Pete Aguilar,Democrat,California,-117.354,34.11
29903,Grace F. Napolitano,Democrat,California,-117.915,34.09
21507,Ted Lieu,Democrat,California,-118.597,34.031
21754,Jimmy Gomez,Democrat,California,-118.228,34.075
21508,Norma J. Torres,Democrat,California,-117.588,34.047
21311,Raul Ruiz,Democrat,California,-115.72,33.747
21110,Karen Bass,Democrat,California,-118.364,34.017
20310,Linda T. Sánchez,Democrat,California,-118.062,33.941
22129,Young Kim,Republican,California,-117.84,33.938
29317,Lucille Roybal-Allard,Democrat,California,-118.178,33.969
21312,Mark Takano,Democrat,California,-117.308,33.917
29323,Ken Calvert,Republican,California,-117.226,33.679
29106,Maxine Waters,Democrat,California,-118.335,33.904
21703,Nanette Diaz Barragan,Democrat,California,-118.238,33.856
21954,Katie Porter,Democrat,California,-117.671,33.706
21711,J. Luis Correa,Democrat,California,-117.896,33.791
21313,Alan S. Lowenthal,Democrat,California,-118.313,33.421
22152,Michelle Steel,Republican,California,-117.887,33.643
21939,Mike Levin,Democrat,California,-117.389,33.317
20107,Darrell Issa,Republican,California,-116.618,33.115
21314,Juan Vargas,Democrat,California,-115.516,32.995
21315,Scott H. Peters,Democrat,California,-117.117,32.903
22126,Sara Jacobs,Democrat,California,-117.032,32.719
29710,Diana DeGette,Democrat,Colorado,-104.908,39.732
21948,Joe Neguse,Democrat,Colorado,-105.73,40.145
22103,Lauren Boebert,Republican,Colorado,-107.238,38.78
21510,Ken Buck,Republican,Colorado,-103.375,39.062
20704,Doug Lamborn,Republican,Colorado,-105.338,38.822
21912,Jason A. Crow,Democrat,Colorado,-104.74,39.775
20705,Ed Perlmutter,Democrat,Colorado,-105.041,39.827
29908,John B. Larson,Democrat,Connecticut,-72.801,41.811
20706,Joe Courtney,Democrat,Connecticut,-72.205,41.664
29109,Rosa L. DeLauro,Democrat,Connecticut,-72.878,41.385
20907,James A. Himes,Democrat,Connecticut,-73.375,41.22
21931,Jahana Hayes,Democrat,Connecticut,-73.219,41.691
21993,Eleanor Holmes Norton,Democrat,District of Columbia,-77.015,38.91
21706,Lisa Blunt Rochester,Democrat,Delaware,-75.507,38.992
21719,Matt Gaetz,Republican,Florida,-86.645,30.716
21714,Neil P. Dunn,Republican,Florida,-84.13,30.078
22107,Kat Cammack,Republican,Florida,-82.059,29.678
21744,John H. Rutherford,Republican,Florida,-81.655,30.357
21732,"Al Lawson, Jr.",Democrat,Florida,-83.327,30.449
21981,Mike Waltz,Republican,Florida,-81.301,29.179
21738,Stephanie N. Murphy,Democrat,Florida,-81.245,28.688
20909,Bill Posey,Republican,Florida,-80.743,28.129
21746,Darren Soto,Democrat,Florida,-81.285,28.035
21713,Val Butler Demings,Democrat,Florida,-81.511,28.544
21116,Daniel Webster,Republican,Florida,-82.167,28.791
20758,Gus M. Bilirakis,Republican,Florida,-82.431,28.281
21712,,Vacant,Florida,-82.722,27.85
20708,Kathy Castor,Democrat,Florida,-82.478,28.041
22116,Scott Franklin,Republican,Florida,-81.977,28.199
20709,Vern Buchanan,Republican,Florida,-82.301,27.527
21971,W. Gregory Steube,Republican,Florida,-81.528,27.244
21735,Brian J. Mast,Republican,Florida,-80.415,27.127
22111,Byron Donalds,Republican,Florida,-81.83,26.464
29337,Sheila Cherfilus-McCormick,Democrat,Florida,-80.58,26.448
21321,Lois Frankel,Democrat,Florida,-80.167,26.546
20959,,Vacant,Florida,-80.166,26.277
20504,Debbie Wasserman Schultz,Democrat,Florida,-80.289,26.064
21118,Frederica S. Wilson,Democrat,Florida,-80.216,25.911
20316,Mario Diaz-Balart,Republican,Florida,-81.157,26.226
22118,Carlos Gimenez,Republican,Florida,-80.817,25.452
22150,Maria Elvira Salazar,Republican,Florida,-80.286,25.699
21513,Earl L. “Buddy” Carter,Republican,Georgia,-81.991,31.308
29339,Sanford D. Bishop Jr.,Democrat,Georgia,-84.411,31.821
21717,A. Drew Ferguson IV,Republican,Georgia,-84.733,33.148
20712,Henry C. “Hank” Johnson Jr.,Democrat,Georgia,-84.05,33.697
22156,Nikema Williams,Democrat,Georgia,-84.401,33.707
21944,Lucy McBath,Democrat,Georgia,-84.345,34.01
22104,Carolyn Bourdeaux,Democrat,Georgia,-84.083,34.042
21123,Austin Scott,Republican,Georgia,-83.453,31.78
22110,Andrew Clyde,Republican,Georgia,-83.687,34.506
21514,Jody B. Hice,Republican,Georgia,-83.062,33.427
21515,Barry Loudermilk,Republican,Georgia,-84.651,34.191
21516,Rick W. Allen,Republican,Georgia,-82.221,32.411
20321,David Scott,Democrat,Georgia,-84.564,33.626
22121,Marjorie Taylor Greene,Republican,Georgia,-85.095,34.433
20322,Ed Case,Democrat,Hawaii,-157.907,21.368
22128,Kai Kahele,Democrat,Hawaii,-156.291,20.208
22124,Ashley Hinson,Republican,Iowa,-91.892,42.525
22139,Mariannette Miller-Meeks,Republican,Iowa,-92.149,41.208
21902,Cindy Axne,Democrat,Iowa,-94.637,41.204
22113,Randy Feenstra,Republican,Iowa,-94.641,42.626
21920,Russ Fulcher,Republican,Idaho,-116.033,45.363
29910,Michael K. Simpson,Republican,Idaho,-113.362,43.469
29346,Bobby L. Rush,Democrat,Illinois,-87.834,41.544
21371,Robin L. Kelly,Democrat,Illinois,-87.796,41.258
22144,DMarie Newman,Democrat,Illinois,-87.896,41.678
21921,Jesús G. Garcia,Democrat,Illinois,-87.765,41.872
20954,Mike Quigley,Democrat,Illinois,-87.835,41.932
21906,Sean Casten,Democrat,Illinois,-88.179,42.028
29717,Danny K. Davis,Democrat,Illinois,-87.737,41.864
21730,Raja Krishnamoorthi,Democrat,Illinois,-88.097,42.008
29911,Janice D. Schakowsky,Democrat,Illinois,-87.81,42.052
21326,Bradley Scott Schneider,Democrat,Illinois,-87.938,42.279
20749,Bill Foster,Democrat,Illinois,-88.146,41.644
21519,Mike Bost,Republican,Illinois,-89.432,37.99
21328,Rodney Davis,Republican,Illinois,-89.519,39.512
21979,Lauren Underwood,Democrat,Illinois,-88.432,42.028
22138,Mary Miller,Republican,Illinois,-88.436,38.911
21128,Adam Kinzinger,Republican,Illinois,-88.8,41.395
21329,Cheri Bustos,Democrat,Illinois,-90.21,41.39
21562,Darin LaHood,Republican,Illinois,-90.076,40.23
22142,Frank J. Mrvan,Democrat,Indiana,-87.158,41.458
22171,,Vacant,Indiana,-86.233,41.244
21702,Jim Banks,Republican,Indiana,-85.231,41.102
21903,James R. Baird,Republican,Indiana,-86.862,40.384
22151,Victoria Spartz,Republican,Indiana,-85.861,40.254
21952,Greg Pence,Republican,Indiana,-85.363,39.481
20757,André Carson,Democrat,Indiana,-86.139,39.747
21132,Larry Bucshon,Republican,Indiana,-87.198,38.739
21725,Trey Hollingsworth,Republican,Indiana,-86.207,38.787
22134,Tracy Mann,Republican,Kansas,-99.403,38.73
22130,Jake LaTurner,Republican,Kansas,-95.435,38.488
21914,Sharice Davids,Democrat,Kansas,-94.793,38.892
21750,Ron Estes,Republican,Kansas,-97.74,37.544
21565,James Comer,Republican,Kentucky,-87.185,37.082
20916,Brett Guthrie,Republican,Kentucky,-85.989,37.536
20723,John A. Yarmuth,Democrat,Kentucky,-85.694,38.188
31102,Thomas Massie,Republican,Kentucky,-84.427,38.571
14854,Harold Rogers,Republican,Kentucky,-83.522,37.369
21333,Andy Barr,Republican,Kentucky,-84.163,38.048
20759,Steve Scalise,Republican,Louisiana,-90.113,29.736
22158,Troy A. Carter,Democrat,Louisiana,-90.642,30.049
21724,Clay Higgins,Republican,Louisiana,-92.473,30.024
21727,Mike Johnson,Republican,Louisiana,-93.18,31.798
22157,Julia Letlow,Republican,Louisiana,-91.825,31.768
21523,Garret Graves,Republican,Louisiana,-91.055,30.311
15616,Richard E. Neal,Democrat,Massachusetts,-72.857,42.322
29729,James P. McGovern,Democrat,Massachusetts,-72.118,42.386
21977,Lori Trahan,Democrat,Massachusetts,-71.575,42.585
22100,Jake Auchincloss,Democrat,Massachusetts,-71.233,41.995
21375,Katherine M. Clark,Democrat,Massachusetts,-71.311,42.355
21525,Seth Moulton,Democrat,Massachusetts,-70.98,42.636
21955,Ayanna Pressley,Democrat,Massachusetts,-71.081,42.302
20119,Stephen F. Lynch,Democrat,Massachusetts,-71.023,42.146
21140,William R. Keating,Democrat,Massachusetts,-70.617,41.747
21139,Andy Harris,Republican,Maryland,-75.971,38.865
20329,C. A. Dutch Ruppersberger,Democrat,Maryland,-76.489,39.347
20724,John P. Sarbanes,Democrat,Maryland,-76.751,39.191
21707,Anthony G. Brown,Democrat,Maryland,-76.752,38.967
14873,Steny H. Hoyer,Democrat,Maryland,-76.768,38.559
21978,David Trone,Democrat,Maryland,-78.387,39.499
15433,Kweisi Mfume,Democrat,Maryland,-76.796,39.402
21741,Jamie Raskin,Democrat,Maryland,-77.251,39.433
20920,Chellie Pingree,Democrat,Maine,-70.119,43.877
21923,Jared F. Golden,Democrat,Maine,-69.128,45.556
21704,Jack Bergman,Republican,Michigan,-86.443,45.865
21142,Bill Huizenga,Republican,Michigan,-85.991,43.513
22137,Peter Meijer,Republican,Michigan,-85.244,42.717
21526,John R. Moolenaar,Republican,Michigan,-84.751,43.735
21372,Daniel T. Kildee,Democrat,Michigan,-83.778,43.686
15446,Fred Upton,Republican,Michigan,-85.9,42.187
20725,Tim Walberg,Republican,Michigan,-84.333,42.102
21965,Elissa Slotkin,Democrat,Michigan,-83.941,42.647
21940,Andy Levin,Democrat,Michigan,-83.053,42.532
22136,Lisa McClain,Republican,Michigan,-82.99,43.323
21972,Haley Stevens,Democrat,Michigan,-83.457,42.532
21529,Debbie Dingell,Democrat,Michigan,-83.463,42.215
21975,Rashida Tlaib,Democrat,Michigan,-83.252,42.325
21530,Brenda L. Lawrence,Democrat,Michigan,-83.203,42.48
22167,Brad Finstad,Democrat,Minnesota,-93.705,43.887
21910,Angie Craig,Democrat,Minnesota,-92.849,44.488
21953,Dean Phillips,Democrat,Minnesota,-93.53,44.996
20122,Betty McCollum,Democrat,Minnesota,-92.981,45.002
21950,Ilhan Omar,Democrat,Minnesota,-93.295,44.981
21531,Tom Emmer,Republican,Minnesota,-93.854,45.335
22114,Michelle Fischbach,Republican,Minnesota,-95.687,46.595
21969,Pete Stauber,Republican,Minnesota,-93.136,47.207
22106,Cori Bush,Democrat,Missouri,-90.295,38.728
21337,Ann Wagner,Republican,Missouri,-90.534,38.604
20926,Blaine Luetkemeyer,Republican,Missouri,-91.555,38.578
21149,Vicky Hartzler,Republican,Missouri,-93.31,38.284
20517,Emanuel Cleaver,Democrat,Missouri,-93.772,39.142
20124,Sam Graves,Republican,Missouri,-93.298,39.937
21150,Billy Long,Republican,Missouri,-93.698,36.989
21373,Jason Smith,Republican,Missouri,-90.93,37.19
21561,Trent Kelly,Republican,Mississippi,-89.006,34.196
29368,Bennie G. Thompson,Democrat,Mississippi,-90.346,33.2
21927,Michael Guest,Republican,Mississippi,-89.733,32.015
21148,Steven M. Palazzo,Republican,Mississippi,-89.094,31.057
22148,Matt Rosendale,Republican,Montana,-109.645,47.033
20340,G. K. Butterfield,Democrat,North Carolina,-77.491,36.009
22149,Deborah K. Ross,Democrat,North Carolina,-78.719,35.729
21987,Gregory F. Murphy,Republican,North Carolina,-76.891,35.378
15438,David E. Price,Democrat,North Carolina,-78.755,36.04
20521,Virginia Foxx,Republican,North Carolina,-81.441,35.906
22135,Kathy Manning,Democrat,North Carolina,-79.88,36.081
21544,David Rouzer,Republican,North Carolina,-78.349,34.661
21346,Richard Hudson,Republican,North Carolina,-79.54,35.293
21986,Dan Bishop,Republican,North Carolina,-79.698,34.902
20522,Patrick T. McHenry,Republican,North Carolina,-80.586,36.095
22109,Madison Cawthorn,Republican,North Carolina,-82.878,35.482
21545,Alma S. Adams,Democrat,North Carolina,-80.838,35.272
21708,Ted Budd,Republican,North Carolina,-79.794,35.911
21901,Kelly Armstrong,Republican,North Dakota,-100.469,47.446
22166,Mike Flood,Republican,Nebraska,-96.831,41.378
21701,Don Bacon,Republican,Nebraska,-96.16,41.229
20729,Adrian Smith,Republican,Nebraska,-100.232,41.549
21951,Chris Pappas,Democrat,New Hampshire,-71.223,43.476
21340,Ann M. Kuster,Democrat,New Hampshire,-71.719,43.769
21536,Donald Norcross,Democrat,New Jersey,-75.051,39.789
91980,Jeff Van Drew,Democrat,New Jersey,-74.908,39.477
21937,Andy Kim,Democrat,New Jersey,-74.563,39.919
14863,Christopher H. Smith,Republican,New Jersey,-74.322,40.163
21723,Josh S. Gottheimer,Democrat,New Jersey,-74.628,41.058
15454,Frank Pallone Jr.,Democrat,New Jersey,-74.267,40.461
21942,Tom Malinowski,Democrat,New Jersey,-74.789,40.628
20542,Albio Sires,Democrat,New Jersey,-74.116,40.729
29741,Bill Pascrell Jr.,Democrat,New Jersey,-74.078,40.862
31103,Donald M. Payne Jr.,Democrat,New Jersey,-74.212,40.71
21964,Mikie Sherrill,Democrat,New Jersey,-74.451,40.904
21538,Bonnie Watson Coleman,Democrat,New Jersey,-74.571,40.373
22159,Melanie A. Stansbury,Democrat,New Mexico,-106.055,34.769
22123,Yvette Herrell,Republican,New Mexico,-106.297,33.381
22131,Teresa Leger Fernandez,Democrat,New Mexico,-105.822,35.995
20927,Dina Titus,Democrat,Nevada,-115.152,36.138
21196,Mark E. Amodei,Republican,Nevada,-117.306,40.646
21938,Susie Lee,Democrat,Nevada,-115.114,35.731
21339,Steven Horsford,Democrat,Nevada,-116.001,38.091
21539,Lee M. Zeldin,Republican,New York,-72.688,40.913
22117,Andrew Garbarino,Republican,New York,-73.285,40.729
21747,Thomas R. Suozzi,Democrat,New York,-73.495,40.831
21540,Kathleen M. Rice,Democrat,New York,-73.616,40.672
29776,Gregory W. Meeks,Democrat,New York,-73.776,40.66
21342,Grace Meng,Democrat,New York,-73.824,40.735
29378,Nydia M. Velázquez,Democrat,New York,-73.947,40.687
21343,Hakeem S. Jeffries,Democrat,New York,-73.907,40.64
20733,Yvette D. Clarke,Democrat,New York,-73.948,40.642
29377,Jerrold Nadler,Democrat,New York,-73.992,40.694
22133,Nicole Malliotakis,Republican,New York,-74.136,40.584
29379,Carolyn B. Maloney,Democrat,New York,-73.951,40.749
21715,Adriano Espaillat,Democrat,New York,-73.928,40.839
21949,Alexandria Ocasio-Cortez,Democrat,New York,-73.856,40.804
22154,Ritchie Torres,Democrat,New York,-73.893,40.828
22105,Jamaal Bowman,Democrat,New York,-73.814,40.945
22127,Mondaire Jones,Democrat,New York,-73.911,41.159
21344,Sean Patrick Maloney,Democrat,New York,-74.08,41.411
22169,Patrick Ryan,Democrat,New York,-74.421,42.215
20934,Paul Tonko,Democrat,New York,-73.992,42.748
21541,Elise M. Stefanik,Republican,New York,-74.529,44.019
21749,Claudia Tenney,Republican,New York,-75.657,42.873
22170,Joseph Sempolinski,Republican,New York,-77.751,42.331
21542,John Katko,Republican,New York,-76.535,43.062
21761,Joseph D. Morelle,Democrat,New York,-77.682,43.161
20519,Brian Higgins,Democrat,New York,-78.835,42.959
21990,Chris Jacobs,Republican,New York,-78.222,42.892
29550,Steve Chabot,Republican,Ohio,-84.345,39.337
21351,Brad R. Wenstrup,Republican,Ohio,-83.566,39.02
21352,Joyce Beatty,Democrat,Ohio,-82.949,39.966
20738,Jim Jordan,Republican,Ohio,-83.476,40.716
20755,Robert E. Latta,Republican,Ohio,-84.042,41.155
21162,Bill Johnson,Republican,Ohio,-81.554,39.774
21165,Bob Gibbs,Republican,Ohio,-82.059,40.707
21564,Warren Davidson,Republican,Ohio,-84.416,39.904
15029,Marcy Kaptur,Democrat,Ohio,-82.779,41.511
20342,Michael R. Turner,Republican,Ohio,-83.957,39.701
22161,Shontel M. Brown,Democrat,Ohio,-81.589,41.37
21759,Troy Balderson,Republican,Ohio,-82.615,40.238
20343,Tim Ryan,Democrat,Ohio,-80.97,41.156
21353,David P. Joyce,Republican,Ohio,-81.006,41.553
22162,Mike Carey,Republican,Ohio,-82.753,39.577
21924,Anthony Gonzalez,Republican,Ohio,-81.738,40.973
21760,Kevin Hern,Republican,Oklahoma,-95.786,36.212
21355,Markwayne Mullin,Republican,Oklahoma,-95.452,35.155
29393,Frank D. Lucas,Republican,Oklahoma,-98.839,36.121
20344,Tom Cole,Republican,Oklahoma,-97.75,34.58
22102,Stephanie Bice,Republican,Oklahoma,-96.994,35.307
21198,Suzanne Bonamici,Democrat,Oregon,-123.293,45.688
22101,Cliff Bentz,Republican,Oregon,-119.552,43.86
29588,Earl Blumenauer,Democrat,Oregon,-122.199,45.389
15410,Peter A. DeFazio,Democrat,Oregon,-123.214,43.498
20944,Kurt Schrader,Democrat,Oregon,-123.117,45.016
21718,Brian Fitzpatrick,Republican,Pennsylvania,-75.115,40.333
21548,Brendan Boyle,Democrat,Pennsylvania,-75.06,40.048
21566,Dwight Evans,Democrat,Pennsylvania,-75.198,40.005
21915,Madeleine Dean,Democrat,Pennsylvania,-75.398,40.222
21762,Mary Gay Scanlon,Democrat,Pennsylvania,-75.379,39.922
21934,Chrissy Houlahan,Democrat,Pennsylvania,-75.777,40.024
21763,Susan Wild,Democrat,Pennsylvania,-75.418,40.728
21358,Matt Cartwright,Democrat,Pennsylvania,-75.406,41.37
21945,Dan Meuser,Republican,Pennsylvania,-76.172,40.771
21356,Scott Perry,Republican,Pennsylvania,-76.858,40.263
21745,Lloyd Smucker,Republican,Pennsylvania,-76.394,39.968
21985,Fred Keller,Republican,Pennsylvania,-77.045,41.349
21936,John Joyce,Republican,Pennsylvania,-78.259,40.104
21956,Guy Reschenthaler,Republican,Pennsylvania,-79.935,40.08
20946,Glenn Thompson,Republican,Pennsylvania,-78.91,41.204
21167,Mike Kelly,Republican,Pennsylvania,-80.128,41.496
21756,Conor Lamb,Democrat,Pennsylvania,-80.191,40.61
29561,Michael F. Doyle,Democrat,Pennsylvania,-79.903,40.371
21172,David N. Cicilline,Democrat,Rhode Island,-71.361,41.762
20136,James R. Langevin,Democrat,Rhode Island,-71.624,41.65
22132,Nancy Mace,Republican,South Carolina,-80.158,32.794
20138,Joe Wilson,Republican,South Carolina,-81.375,33.638
21174,Jeff Duncan,Republican,South Carolina,-82.339,34.356
21974,William R. Timmons IV,Republican,South Carolina,-82.172,34.941
21753,Ralph Norman,Republican,South Carolina,-81.02,34.539
39301,James E. Clyburn,Democrat,South Carolina,-80.525,33.226
21359,Tom Rice,Republican,South Carolina,-79.535,34.127
21935,Dusty Johnson,Republican,South Dakota,-100.23,44.436
22122,Diana Harshbarger,Republican,Tennessee,-82.795,36.215
21905,Tim Burchett,Republican,Tennessee,-83.826,36.047
21178,Charles J. “Chuck” Fleischmann,Republican,Tennessee,-84.504,35.766
21179,Scott DesJarlais,Republican,Tennessee,-85.96,35.45
15019,Jim Cooper,Democrat,Tennessee,-87.07,36.177
21959,John W. Rose,Republican,Tennessee,-85.781,36.2
21926,Mark E. Green,Republican,Tennessee,-87.832,35.637
21731,David Kustoff,Republican,Tennessee,-89.099,35.861
20748,Steve Cohen,Democrat,Tennessee,-89.979,35.168
20527,Louie Gohmert,Republican,Texas,-94.559,31.959
21911,Daniel Crenshaw,Republican,Texas,-95.338,29.965
21973,Van Taylor,Republican,Texas,-96.615,33.158
22112,Pat Fallon,Republican,Texas,-95.404,33.31
21925,Lance Gooden,Republican,Texas,-95.736,32.227
22160,Jake Ellzey,Republican,Texas,-96.675,32.231
21919,Lizzie Fletcher,Democrat,Texas,-95.606,29.793
29760,Kevin Brady,Republican,Texas,-95.547,30.821
20529,Al Green,Democrat,Texas,-95.496,29.645
20530,Michael T. McCaul,Republican,Texas,-96.596,29.971
22147,August Pfluger,Republican,Texas,-100.083,31.736
29762,Kay Granger,Republican,Texas,-97.669,32.817
22125,Ronny Jackson,Republican,Texas,-100.617,34.838
21360,Randy K. Weber Sr.,Republican,Texas,-94.916,29.461
21722,Vicente Gonzalez,Democrat,Texas,-98.261,27.756
21917,Veronica Escobar,Democrat,Texas,-106.282,31.858
29759,Pete Sessions,Republican,Texas,-96.656,31.163
29573,Sheila Jackson Lee,Democrat,Texas,-95.377,29.889
21700,Jodey C. Arrington,Republican,Texas,-101.217,33.245
21362,Joaquin Castro,Democrat,Texas,-98.622,29.475
21961,Chip Roy,Republican,Texas,-98.96,30.018
22143,Troy Nehls,Republican,Texas,-95.683,29.518
22119,Tony Gonzales,Republican,Texas,-102.363,30.379
22155,Beth Van Duyne,Republican,Texas,-97.011,32.92
21364,Roger Williams,Republican,Texas,-97.814,31.505
20355,Michael C. Burgess,Republican,Texas,-97.132,33.195
21758,Michael Cloud,Republican,Texas,-96.877,28.873
20533,Henry Cuellar,Democrat,Texas,-98.909,27.857
21922,Sylvia R. Garcia,Democrat,Texas,-95.266,29.783
39305,Eddie Bernice Johnson,Democrat,Texas,-96.801,32.657
20356,John R. Carter,Republican,Texas,-97.539,30.837
21900,Colin Z. Allred,Democrat,Texas,-96.652,32.921
21365,Marc A. Veasey,Democrat,Texas,-97.094,32.754
22165,Mayra Flores,Republican,Texas,-97.665,27.692
29571,Lloyd Doggett,Democrat,Texas,-97.886,29.918
21551,Brian Babin,Republican,Texas,-94.414,30.46
22141,Blake Moore,Republican,Utah,-111.329,40.945
21367,Chris Stewart,Republican,Utah,-112.562,38.758
21755,John R. Curtis,Republican,Utah,-110.228,38.68
22146,Burgess Owens,Republican,Utah,-111.85,39.88
20756,Robert J. Wittman,Republican,Virginia,-77.064,37.922
21941,Elaine Luria,Democrat,Virginia,-75.945,37.355
39307,Robert C. “Bobby” Scott,Democrat,Virginia,-76.59,36.899
21736,A. Donald McEachin,Democrat,Virginia,-77.162,36.958
22120,Bob Good,Republican,Virginia,-78.742,37.347
21908,Ben Cline,Republican,Virginia,-79.191,38.135
21966,Abigail Davis Spanberger,Democrat,Virginia,-77.901,37.826
21554,"Donald S. Beyer, Jr.",Democrat,Virginia,-77.137,38.79
21191,H. Morgan Griffith,Republican,Virginia,-81.319,36.992
21983,Jennifer Wexton,Democrat,Virginia,-77.837,39.084
20952,Gerald E. Connolly,Democrat,Virginia,-77.296,38.794
20750,Peter Welch,Democrat,Vermont,-72.663,44.075
31101,Suzan K. DelBene,Democrat,Washington,-121.632,48.348
20145,Rick Larsen,Democrat,Washington,-122.491,48.354
21187,Jaime Herrera Beutler,Republican,Washington,-122.189,46.226
21556,Dan Newhouse,Republican,Washington,-119.705,47.299
20535,Cathy McMorris Rodgers,Republican,Washington,-117.879,47.59
21368,Derek Kilmer,Democrat,Washington,-123.607,47.592
21726,Pramila Jayapal,Democrat,Washington,-122.376,47.589
21962,Kim Schrier,Democrat,Washington,-121.003,47.423
29768,Adam Smith,Democrat,Washington,-122.244,47.463
22153,Marilyn Strickland,Democrat,Washington,-122.752,47.031
21970,Bryan Steil,Republican,Wisconsin,-88.372,42.712
21370,Mark Pocan,Democrat,Wisconsin,-89.748,42.983
29769,Ron Kind,Democrat,Wisconsin,-90.916,44.068
20537,Gwen Moore,Democrat,Wisconsin,-87.952,43.064
22115,Scott Fitzgerald,Republican,Wisconsin,-88.534,43.199
21559,Glenn Grothman,Republican,Wisconsin,-88.704,43.797
21989,Thomas P. Tiffany,Republican,Wisconsin,-90.656,45.59
21720,Mike Gallagher,Republican,Wisconsin,-88.287,44.811
21188,David B. McKinley,Republican,West Virginia,-80.267,39.38
21557,Alexander X. Mooney,Republican,West Virginia,-80.185,38.839
21946,Carol Miller,Republican,West Virginia,-81.198,37.994
21710,Liz Cheney,Republican,Wyoming,-107.551,43
