Source,Target,Weight
BET,MLL,1
BET,NME,1
KUK,NUP,1
NME,OOK,1
NUP,BET,1
OOK,TNK,1
ABL,SHG,1
BET,KUK,1
BET,OOK,1
CKD,SLQ,1
HSL,KYU,1
KKA,UNK,1
KWK,BET,1
KYU,GAL,1
MLL,RSH,1
NME,TNK,1
OBU,ABL,1
OBU,OTZ,1
OTZ,SHG,1
RSH,BET,1
SCM,BET,1
SHG,OBU,1
SLQ,ANI,1
WBB,UNK,1
RSH,ANI,1
ABL,OTZ,1
KKA,SKK,1
KVL,OTZ,1
KVL,PHO,1
OME,UNK,1
OME,WBB,1
OTZ,PHO,1
SKK,OME,1
SKK,UNK,1
WAA,OME,1
AKP,FAI,1
BTT,AKP,1
FAI,BTT,1
FAI,GAL,1
HSL,HUS,1
HUS,FAI,1
KYU,FAI,1
CLT,CRW,1
CLT,PWM,1
DCA,CRW,1
DCA,PWM,1
DFW,CRW,1
DFW,SPI,1
LAS,LAX,1
PHL,PWM,1
MSY,ORD,1
ATL,CHA,1
ATL,CID,1
ATL,CLT,1
ATL,CRW,1
ATL,CVG,1
ATL,DEN,1
ATL,DFW,1
ATL,EVV,1
ATL,FWA,1
ATL,GSO,1
ATL,GSP,1
ATL,LEX,1
ATL,MIA,1
ATL,MSP,1
ATL,ORD,1
ATL,PHL,1
ATL,PHX,1
ATL,PWM,1
ATL,ROA,1
ATL,SYR,1
ATL,TYS,1
ATL,XNA,1
DTW,MSY,1
HNL,LAX,1
JFK,MSY,1
LAX,OGG,1
MDT,ATL,1
MSP,MSY,1
ALB,ATL,1
ATL,BDL,1
ATL,BNA,1
ATL,BOS,1
ATL,BWI,1
ATL,CLE,1
ATL,CMH,1
ATL,DCA,1
ATL,DTW,1
ATL,EWR,1
ATL,IAD,1
ATL,IND,1
ATL,JAX,1
ATL,JFK,1
ATL,LGA,1
ATL,MCI,1
ATL,MCO,1
ATL,MEM,1
ATL,MSY,1
ATL,PIT,1
ATL,RDU,1
ATL,RIC,1
ATL,SEA,1
ATL,SLC,1
ATL,STL,1
MKE,ATL,1
SFO,ATL,1
TPA,ATL,1
ABQ,LAX,1
ADQ,ANC,1
ANC,ANI,1
ANC,BET,1
ANC,FAI,1
ANC,LAX,1
ANC,UNK,1
ATL,BHM,1
ATL,CHS,1
ATL,HSV,1
ATL,JAN,1
ATL,LAX,1
ATL,ORF,1
ATL,PBI,1
ATL,PDX,1
ATL,PNS,1
ATL,RSW,1
ATL,SAN,1
ATL,SAV,1
AUS,LAX,1
BDL,LAX,1
BNA,LAX,1
BOS,LAX,1
BOS,PDX,1
BOS,SAN,1
BOS,SEA,1
BUR,PDX,1
BUR,SEA,1
CMH,LAX,1
DCA,LAX,1
DCA,PDX,1
DEN,LAX,1
DEN,SEA,1
DFW,LAX,1
DFW,PDX,1
DFW,SAN,1
DFW,SEA,1
DFW,SFO,1
DFW,SNA,1
ELP,LAX,1
EUG,PDX,1
EWR,SEA,1
FAT,LAX,1
HNL,OAK,1
HNL,SJC,1
IAH,LAX,1
IND,LAX,1
JFK,LAX,1
JFK,SAN,1
JFK,SEA,1
JFK,SFO,1
JNU,KTN,1
KOA,LAX,1
KOA,OAK,1
KOA,SJC,1
KTN,SEA,1
LAX,LIH,1
LAX,MCO,1
LAX,MIA,1
LAX,OKC,1
LAX,ORD,1
LAX,PDX,1
LAX,PHX,1
LAX,PIT,1
LAX,RDU,1
LAX,RNO,1
LAX,SAN,1
LAX,SEA,1
LAX,SFO,1
LAX,SMF,1
LAX,STL,1
LAX,TUS,1
LGB,PDX,1
LGB,SEA,1
LIH,OAK,1
LIH,SJC,1
MCI,SEA,1
MCO,SAN,1
MCO,SEA,1
MIA,SFO,1
MSP,LAX,1
MSP,SEA,1
OAK,OGG,1
OAK,PDX,1
OAK,SEA,1
OGG,SJC,1
OGG,SMF,1
OME,OTZ,1
ONT,PDX,1
ONT,SEA,1
ORD,PDX,1
ORD,SAN,1
ORD,SEA,1
ORD,SFO,1
PDX,PHX,1
PDX,SAN,1
PDX,SFO,1
PDX,SJC,1
PDX,SNA,1
PHL,SEA,1
PHX,SEA,1
PSP,SFO,1
SAN,SEA,1
SEA,HNL,1
SEA,SFO,1
SEA,SJC,1
SEA,SMF,1
SEA,SNA,1
SEA,STL,1
SJC,LAX,1
SLC,LAX,1
ABQ,ATL,1
ATL,AUS,1
ATL,BUF,1
ATL,CAE,1
ATL,DAY,1
ATL,ELP,1
ATL,FLL,1
ATL,GNV,1
ATL,GPT,1
ATL,IAH,1
ATL,ICT,1
ATL,ILM,1
ATL,LAS,1
ATL,LIT,1
ATL,MYR,1
ATL,OKC,1
ATL,OMA,1
ATL,ROC,1
ATL,SAT,1
ATL,SNA,1
ATL,SRQ,1
ATL,TUS,1
ATL,VPS,1
AUS,JFK,1
BOS,BUF,1
BOS,CLT,1
BOS,DCA,1
BOS,DFW,1
BOS,JFK,1
BOS,ORD,1
BOS,PHL,1
BOS,PHX,1
BOS,PIT,1
BOS,RIC,1
CLT,JFK,1
DCA,FLL,1
DCA,MCO,1
DCA,TPA,1
JFK,LAS,1
JFK,MCO,1
JFK,ORD,1
JFK,PHX,1
JFK,RDU,1
JFK,TPA,1
LGA,PBI,1
DFW,MSY,1
MIA,MSY,1
LAX,MSY,1
SEA,IAH,1
ABE,ATL,1
AGS,ATL,1
ANC,SEA,1
ATL,AVP,1
ATL,BMI,1
ATL,BTR,1
ATL,BTV,1
ATL,CAK,1
ATL,CHO,1
ATL,DAL,1
ATL,DSM,1
ATL,EYW,1
ATL,FAY,1
ATL,FNT,1
ATL,GRR,1
ATL,HOU,1
ATL,HPN,1
ATL,MDW,1
ATL,MGM,1
ATL,MHT,1
ATL,MLI,1
ATL,MOB,1
ATL,MSN,1
ATL,OAJ,1
ATL,PHF,1
ATL,PIA,1
ATL,PVD,1
ATL,SDF,1
ATL,SGF,1
ATL,SMF,1
ATL,TLH,1
ATL,TUL,1
AUS,MCO,1
BDL,MCO,1
BNA,JFK,1
BNA,LGA,1
BOS,CHS,1
BOS,DTW,1
BOS,JAX,1
BOS,LAS,1
BOS,LGA,1
BOS,MCO,1
BOS,RDU,1
BUF,JFK,1
BWI,JFK,1
CHO,LGA,1
CHS,JFK,1
CLE,JFK,1
CLT,CVG,1
CLT,DTW,1
CLT,LGA,1
CLT,MSP,1
CLT,SLC,1
CMH,JFK,1
CMH,LGA,1
CVG,DCA,1
CVG,DFW,1
CVG,JFK,1
CVG,ORD,1
CVG,PHL,1
DAY,LGA,1
DCA,DTW,1
DCA,JFK,1
DCA,LGA,1
DCA,MEM,1
DCA,MSP,1
DCA,OMA,1
DEN,JFK,1
DFW,DTW,1
DFW,JFK,1
DFW,LGA,1
DFW,MEM,1
DFW,MSP,1
DFW,SLC,1
DTW,LGA,1
DTW,MIA,1
DTW,ORD,1
DTW,PDX,1
DTW,PHL,1
DTW,PHX,1
DTW,PWM,1
DTW,SAN,1
FLL,JFK,1
FLL,LGA,1
FLL,RDU,1
GSO,LGA,1
HPN,MCO,1
IAD,JFK,1
ILM,LGA,1
IND,JFK,1
JAX,JFK,1
JFK,MIA,1
JFK,ORF,1
JFK,PDX,1
JFK,PIT,1
JFK,ROC,1
JFK,SAV,1
JFK,SLC,1
JFK,SYR,1
LAS,SEA,1
LGA,MCO,1
LGA,MIA,1
LGA,MSY,1
LGA,ORD,1
LGA,ORF,1
LGA,PIT,1
LGA,PWM,1
LGA,RDU,1
LGA,RIC,1
LGA,RSW,1
LGA,SDF,1
LGA,SRQ,1
LGA,STL,1
LGA,TPA,1
LGA,TYS,1
LGB,SLC,1
MCO,RIC,1
MEM,MSY,1
MEM,ORD,1
MIA,MSP,1
MSP,ORD,1
MSP,PHL,1
MSP,PHX,1
MSP,SAN,1
MSP,SFO,1
MSY,SLC,1
ORD,SLC,1
PDX,SLC,1
PHL,RDU,1
PHL,SLC,1
PHX,SLC,1
SAN,SLC,1
SEA,SLC,1
SFO,HNL,1
SLC,CVG,1
CVG,DEN,1
DEN,DFW,1
DEN,DTW,1
DEN,LGA,1
DEN,MEM,1
DEN,MSP,1
DEN,MSY,1
DEN,PHX,1
DEN,SLC,1
AMA,MDW,1
AUS,DEN,1
AUS,SMF,1
BHM,MCO,1
BNA,MCO,1
BNA,PVD,1
BOS,BWI,1
BUF,MCO,1
BWI,CLT,1
BWI,DTW,1
BWI,PHX,1
BWI,RDU,1
BWI,SLC,1
CHS,TPA,1
CLE,DEN,1
CLT,MCO,1
CMH,RNO,1
CRP,LBB,1
DAL,SEA,1
DAL,SFO,1
DAL,SLC,1
DCA,RSW,1
DEN,BNA,1
DEN,IND,1
DEN,LAS,1
DEN,MCI,1
DEN,MCO,1
DEN,MDW,1
DEN,MKE,1
DEN,OKC,1
DEN,OMA,1
DEN,ORF,1
DEN,SAN,1
DEN,SNA,1
DEN,TPA,1
DFW,AUS,1
DSM,PHX,1
DTW,LAX,1
DTW,MDW,1
ELP,PHL,1
EWR,MSY,1
EYW,TPA,1
FLL,AUS,1
FLL,PHX,1
FLL,SFO,1
FLL,TPA,1
HOU,ISP,1
HOU,PVD,1
HRL,MAF,1
IND,MCO,1
IND,TPA,1
ISP,SNA,1
LAS,PHX,1
LAS,RDU,1
LAS,SLC,1
LAX,OAK,1
LAX,PWM,1
LBB,HRL,1
LIT,STL,1
MCI,LAX,1
MCI,MCO,1
MCI,MSP,1
MCI,PHL,1
MCO,MEM,1
MCO,MKE,1
MCO,MSP,1
MCO,ORF,1
MCO,PHL,1
MCO,PHX,1
MCO,PIT,1
MCO,PVD,1
MCO,RDU,1
MCO,SAT,1
MCO,SDF,1
MDW,MSP,1
MEM,LAS,1
MHT,MSP,1
MKE,MSP,1
MKE,PHX,1
MSP,OAK,1
MSP,STL,1
MSY,AUS,1
OAK,CMH,1
OAK,OKC,1
OMA,SAN,1
PDX,DEN,1
PDX,OKC,1
PHL,DEN,1
PHL,FLL,1
PHL,ICT,1
PHL,PHX,1
PHX,ABQ,1
PHX,OAK,1
PHX,ONT,1
PHX,SAN,1
PHX,SJC,1
PHX,SNA,1
PVD,SAN,1
PVD,SLC,1
RDU,TPA,1
SAN,SDF,1
SAT,PHX,1
SFO,DEN,1
SFO,ORF,1
SLC,MHT,1
SLC,OAK,1
SLC,TUS,1
SMF,PHX,1
STL,DEN,1
STL,DFW,1
STL,DTW,1
STL,PHL,1
TPA,BDL,1
TPA,CMH,1
TPA,PDX,1
TPA,PHX,1
TPA,SEA,1
TUS,SJC,1
EUG,LAX,1
LAS,AUS,1
LAS,RNO,1
SFB,SPI,1
HNL,LAS,1
HNL,PDX,1
HNL,PHX,1
HNL,SAN,1
OGG,SEA,1
MIA,BWI,1
BOS,MSY,1
KTB,CGA,1
KTN,KTB,1
ATL,SJC,1
HNL,ATL,1
AKN,ANC,1
ANC,MCG,1
ANI,MCG,1
BOS,ISP,1
IAD,MSY,1
IAH,MSY,1
HNL,OGG,1
KOA,OGG,1
BOS,FLL,1
BOS,MYR,1
BWI,DFW,1
BWI,FLL,1
BWI,LAS,1
BWI,MSP,1
DEN,FLL,1
DEN,IAH,1
DEN,ORD,1
DFW,FLL,1
DFW,LAS,1
DFW,MCO,1
DFW,ORD,1
DFW,PHL,1
DFW,PHX,1
DFW,TPA,1
DTW,FLL,1
DTW,IAH,1
DTW,LAS,1
DTW,MCO,1
DTW,MYR,1
DTW,RSW,1
DTW,TPA,1
FLL,LAX,1
FLL,MCO,1
FLL,ORD,1
IAH,MSP,1
IAH,ORD,1
LAS,MSP,1
LAS,OAK,1
LAS,ORD,1
LAS,PDX,1
LAS,PHL,1
LAS,SAN,1
LGA,MYR,1
MCO,ORD,1
MYR,PHL,1
ORD,RSW,1
ORD,TPA,1
SFB,MIA,1
BOS,MSP,1
JFK,MSP,1
MSP,PSP,1
MSP,RSW,1
ABQ,DEN,1
ABQ,ORD,1
ALB,EWR,1
AMA,DEN,1
ANC,ORD,1
AUS,ORD,1
AUS,SFO,1
BDL,ORD,1
BNA,ORD,1
BOI,DEN,1
BOS,DEN,1
BOS,EWR,1
BOS,IAD,1
BOS,SFO,1
BUF,ORD,1
BWI,CLE,1
BWI,DEN,1
BWI,LAX,1
BWI,ORD,1
CID,DEN,1
CID,ORD,1
CLE,CLT,1
CLE,DFW,1
CLE,LGA,1
CLE,MSP,1
CLE,ORD,1
CLT,EWR,1
CLT,IAD,1
CLT,IAH,1
CLT,ORD,1
CMH,ORD,1
CVG,EWR,1
CVG,IAH,1
DAY,ORD,1
DCA,DEN,1
DCA,ORD,1
DEN,CMH,1
DEN,DSM,1
DEN,EUG,1
DEN,FAR,1
DEN,FAT,1
DEN,FMN,1
DEN,FSD,1
DEN,LIT,1
DEN,MIA,1
DEN,MSN,1
DEN,ONT,1
DEN,PIR,1
DEN,PSP,1
DEN,RSW,1
DEN,SAT,1
DEN,SMF,1
DEN,TUS,1
DEN,TYS,1
DFW,EWR,1
DFW,IAD,1
DFW,IAH,1
DSM,ORD,1
DTW,EWR,1
DTW,IAD,1
EWR,BNA,1
EWR,FLL,1
EWR,MCO,1
EWR,MIA,1
EWR,MSP,1
EWR,ORD,1
EWR,PBI,1
EWR,PHX,1
EWR,PWM,1
EWR,RSW,1
EWR,TPA,1
EYW,FLL,1
EYW,RSW,1
FAR,ORD,1
FAT,LAS,1
FSD,ORD,1
FWA,ORD,1
GNV,MCO,1
GNV,TPA,1
GRR,ORD,1
HNL,LIH,1
HPN,ORD,1
HSV,ORD,1
IAD,CRW,1
IAD,DEN,1
IAD,LAX,1
IAD,MIA,1
IAD,MSP,1
IAD,OMA,1
IAD,PWM,1
IAD,TPA,1
IAH,CRW,1
IAH,LAS,1
IAH,LGA,1
IAH,MCO,1
IAH,MEM,1
IAH,MIA,1
IAH,PHL,1
IAH,PHX,1
IAH,SFO,1
IAH,SLC,1
ICT,ORD,1
IND,ORD,1
JAX,ORD,1
JAX,TPA,1
LAS,SFO,1
LEX,ORD,1
LIT,ORD,1
MCI,ORD,1
MCI,SFO,1
MCO,PNS,1
MCO,RSW,1
MCO,TLH,1
MDT,ORD,1
MIA,ORD,1
MKE,ORD,1
MLI,ORD,1
MSN,ORD,1
MYR,ORD,1
OKC,ORD,1
OMA,ORD,1
ORD,CRW,1
ORD,PHL,1
ORD,PHX,1
ORD,PIA,1
ORD,PIT,1
ORD,PWM,1
ORD,RDU,1
ORD,RIC,1
ORD,ROC,1
ORD,SAT,1
ORD,SDF,1
ORD,SGF,1
ORD,SNA,1
ORD,SPI,1
ORD,STL,1
ORD,SYR,1
ORD,TUL,1
ORD,TYS,1
ORD,XNA,1
PBI,TPA,1
PDX,SEA,1
PHL,SFO,1
PHX,SFO,1
PNS,TPA,1
RDU,SFO,1
RNO,DEN,1
SAT,LAX,1
SFO,SLC,1
SJC,DEN,1
SNA,SFO,1
TLH,TPA,1
TUL,DEN,1
ABE,CLT,1
ABE,PHL,1
ABQ,DFW,1
AGS,CLT,1
AGS,DCA,1
ALB,CLT,1
ALB,DCA,1
ALB,PHL,1
AMA,DFW,1
ANC,PHX,1
AUS,CLT,1
AUS,PHL,1
AUS,PHX,1
AVP,CLT,1
AVP,PHL,1
BDL,CLT,1
BDL,DCA,1
BDL,DFW,1
BDL,MIA,1
BDL,PHL,1
BDL,PIT,1
BHM,CLT,1
BHM,DCA,1
BHM,DFW,1
BHM,MIA,1
BHM,PHL,1
BMI,DFW,1
BMI,ORD,1
BNA,CLT,1
BNA,DCA,1
BNA,DFW,1
BNA,MIA,1
BNA,PHL,1
BOI,PHX,1
BOS,MDT,1
BOS,MIA,1
BOS,ROC,1
BOS,SYR,1
BTR,CLT,1
BTR,DFW,1
BTV,DCA,1
BTV,PHL,1
BUF,CLT,1
BUF,DCA,1
BUF,PHL,1
BUR,PHX,1
BWI,PHL,1
CAE,CLT,1
CAE,DCA,1
CAE,DFW,1
CAE,PHL,1
CAK,CLT,1
CAK,DCA,1
CAK,PHL,1
CHA,CLT,1
CHA,DCA,1
CHA,DFW,1
CHA,ORD,1
CHO,CLT,1
CHO,ORD,1
CHO,PHL,1
CHS,CLT,1
CHS,DCA,1
CHS,DFW,1
CHS,MIA,1
CHS,PHL,1
CID,DFW,1
CLE,MIA,1
CLE,PHL,1
CLT,CMH,1
CLT,DAY,1
CLT,DCA,1
CLT,DEN,1
CLT,DFW,1
CLT,DSM,1
CLT,FAY,1
CLT,FLL,1
CLT,GNV,1
CLT,GPT,1
CLT,GSO,1
CLT,GSP,1
CLT,HPN,1
CLT,HSV,1
CLT,ILM,1
CLT,IND,1
CLT,JAN,1
CLT,JAX,1
CLT,LAS,1
CLT,LAX,1
CLT,LEX,1
CLT,LIT,1
CLT,MCI,1
CLT,MDT,1
CLT,MEM,1
CLT,MGM,1
CLT,MHT,1
CLT,MIA,1
CLT,MKE,1
CLT,MOB,1
CLT,MSY,1
CLT,MYR,1
CLT,OAJ,1
CLT,OMA,1
CLT,ORF,1
CLT,PBI,1
CLT,PDX,1
CLT,PHF,1
CLT,PHL,1
CLT,PHX,1
CLT,PIT,1
CLT,PNS,1
CLT,PVD,1
CLT,RDU,1
CLT,RIC,1
CLT,ROA,1
CLT,ROC,1
CLT,RSW,1
CLT,SAN,1
CLT,SAT,1
CLT,SAV,1
CLT,SDF,1
CLT,SEA,1
CLT,SFO,1
CLT,SMF,1
CLT,SRQ,1
CLT,STL,1
CLT,SYR,1
CLT,TLH,1
CLT,TPA,1
CLT,TYS,1
CLT,VPS,1
CLT,XNA,1
CMH,DCA,1
CMH,DFW,1
CMH,MIA,1
CMH,PHL,1
CMH,PHX,1
CRP,DFW,1
CVG,MIA,1
DAY,DCA,1
DAY,DFW,1
DAY,PHL,1
DCA,DFW,1
DCA,DSM,1
DCA,FAY,1
DCA,GSO,1
DCA,GSP,1
DCA,HPN,1
DCA,HSV,1
DCA,ILM,1
DCA,IND,1
DCA,ISP,1
DCA,JAN,1
DCA,JAX,1
DCA,LAS,1
DCA,LIT,1
DCA,MCI,1
DCA,MHT,1
DCA,MIA,1
DCA,MSY,1
DCA,MYR,1
DCA,OAJ,1
DCA,ORF,1
DCA,PBI,1
DCA,PHL,1
DCA,PHX,1
DCA,PIT,1
DCA,PNS,1
DCA,PVD,1
DCA,RDU,1
DCA,ROC,1
DCA,SAN,1
DCA,SAV,1
DCA,SDF,1
DCA,SRQ,1
DCA,STL,1
DCA,SYR,1
DCA,TLH,1
DCA,TYS,1
DCA,VPS,1
DFW,DSM,1
DFW,ELP,1
DFW,EVV,1
DFW,FAR,1
DFW,FAT,1
DFW,FSD,1
DFW,FWA,1
DFW,GPT,1
DFW,GRR,1
DFW,GSO,1
DFW,GSP,1
DFW,HNL,1
DFW,HOU,1
DFW,HSV,1
DFW,ICT,1
DFW,IND,1
DFW,JAN,1
DFW,JAX,1
DFW,LBB,1
DFW,LEX,1
DFW,LIT,1
DFW,MAF,1
DFW,MCI,1
DFW,MGM,1
DFW,MIA,1
DFW,MKE,1
DFW,MLI,1
DFW,MOB,1
DFW,MSN,1
DFW,OGG,1
DFW,OKC,1
DFW,OMA,1
DFW,ONT,1
DFW,ORF,1
DFW,PBI,1
DFW,PIA,1
DFW,PIT,1
DFW,PNS,1
DFW,PSP,1
DFW,RDU,1
DFW,RIC,1
DFW,RNO,1
DFW,RSW,1
DFW,SAT,1
DFW,SAV,1
DFW,SDF,1
DFW,SGF,1
DFW,SJC,1
DFW,SMF,1
DFW,TLH,1
DFW,TUL,1
DFW,TUS,1
DFW,TYS,1
DFW,VPS,1
DFW,XNA,1
ELP,ORD,1
ELP,PHX,1
EVV,ORD,1
EWR,PHL,1
EYW,MIA,1
FAT,PHX,1
FNT,ORD,1
GNV,MIA,1
GSO,MIA,1
GSO,PHL,1
GSP,PHL,1
HNL,KOA,1
HPN,PHL,1
ILM,PHL,1
IND,MIA,1
IND,PHL,1
IND,PHX,1
ISP,PHL,1
JAX,MIA,1
JAX,PHL,1
KOA,PHX,1
LAS,MIA,1
LAX,PBI,1
LAX,PHL,1
LAX,XNA,1
LGA,LIT,1
LGA,PHL,1
LGA,ROA,1
LGA,XNA,1
LGB,PHX,1
LIH,PHX,1
MCI,PHX,1
MCO,MIA,1
MDT,PHL,1
MEM,MIA,1
MHT,PHL,1
MIA,ORF,1
MIA,PHL,1
MIA,PHX,1
MIA,PIT,1
MIA,PNS,1
MIA,RDU,1
MIA,RIC,1
MIA,SAN,1
MIA,SDF,1
MIA,SEA,1
MIA,STL,1
MIA,TLH,1
MIA,TPA,1
MIA,TUL,1
MKE,PHL,1
MSY,PHL,1
OGG,PHX,1
OMA,PHX,1
ORD,PBI,1
ORD,PSP,1
ORD,RNO,1
ORD,SJC,1
ORD,TUS,1
ORF,PHL,1
PBI,PHL,1
PDX,PHL,1
PHF,PHL,1
PHL,PIT,1
PHL,PVD,1
PHL,RIC,1
PHL,ROA,1
PHL,ROC,1
PHL,RSW,1
PHL,SAN,1
PHL,SAT,1
PHL,SAV,1
PHL,SDF,1
PHL,SYR,1
PHL,TPA,1
PHL,TYS,1
PHX,PIT,1
PHX,PSP,1
PHX,RNO,1
PHX,STL,1
PHX,TUS,1
PIT,RDU,1
PIT,STL,1
DCA,SFO,1
EWR,LAX,1
EWR,SFO,1
IAD,SFO,1
MCO,SFO,1
SAN,SFO,1
ABQ,LAS,1
ABQ,MCI,1
ABQ,MDW,1
ABQ,PDX,1
ALB,BWI,1
ALB,FLL,1
ALB,MDW,1
ALB,TPA,1
AMA,DAL,1
AUS,ELP,1
AUS,EWR,1
AUS,HRL,1
AUS,MDW,1
AUS,OAK,1
AUS,SJC,1
BDL,BWI,1
BDL,FLL,1
BDL,MDW,1
BHM,BWI,1
BHM,DAL,1
BHM,LAS,1
BHM,TPA,1
BNA,BWI,1
BNA,CHS,1
BNA,CLE,1
BNA,DTW,1
BNA,HOU,1
BNA,MDW,1
BNA,PIT,1
BNA,TPA,1
BOI,LAS,1
BOS,CAK,1
BOS,HOU,1
BOS,MDW,1
BUF,BWI,1
BUF,FLL,1
BUF,MDW,1
BUR,DEN,1
BUR,LAS,1
BWI,ABQ,1
BWI,AUS,1
BWI,CMH,1
BWI,DAY,1
BWI,FNT,1
BWI,IND,1
BWI,ISP,1
BWI,MCO,1
BWI,MDW,1
BWI,MEM,1
BWI,MHT,1
BWI,MSY,1
BWI,ORF,1
BWI,PIT,1
BWI,PVD,1
BWI,PWM,1
BWI,ROC,1
BWI,RSW,1
BWI,SAN,1
BWI,SAT,1
BWI,SDF,1
BWI,STL,1
BWI,TPA,1
CAK,LGA,1
CAK,MCO,1
CAK,TPA,1
CHS,BWI,1
CHS,MDW,1
CLE,LAS,1
CLE,MDW,1
CLT,MDW,1
CMH,MCO,1
CMH,MDW,1
CMH,RSW,1
CMH,STL,1
DAL,AUS,1
DAL,HOU,1
DAL,LBB,1
DAL,LIT,1
DAL,MAF,1
DAL,MCI,1
DAL,MSY,1
DAL,OKC,1
DAL,SAT,1
DAL,STL,1
DAY,DEN,1
DAY,TPA,1
DCA,MKE,1
DEN,EWR,1
DEN,GRR,1
DEN,PIT,1
DEN,SDF,1
DSM,LAS,1
DSM,MDW,1
ELP,SAT,1
EWR,MDW,1
EWR,STL,1
FLL,HOU,1
FLL,LAS,1
FLL,MKE,1
FLL,MSY,1
FLL,PVD,1
FNT,MCO,1
FNT,TPA,1
GRR,MCO,1
GRR,STL,1
GSP,MDW,1
HOU,AUS,1
HOU,BWI,1
HOU,CHS,1
HOU,CLT,1
HOU,CRP,1
HOU,DEN,1
HOU,GSP,1
HOU,HRL,1
HOU,LAS,1
HOU,LAX,1
HOU,LIT,1
HOU,MCI,1
HOU,MCO,1
HOU,MDW,1
HOU,MSY,1
HOU,OKC,1
HOU,PHX,1
HOU,RDU,1
HOU,SAT,1
HOU,SNA,1
HOU,TPA,1
HOU,TUL,1
IAD,MDW,1
ICT,DAL,1
ICT,LAS,1
ICT,MDW,1
IND,LAS,1
IND,MCI,1
IND,RSW,1
ISP,FLL,1
ISP,MCO,1
ISP,TPA,1
JAN,HOU,1
JAN,MCO,1
JAX,BWI,1
LAS,MCO,1
LAS,MDW,1
LAS,MKE,1
LAS,SAT,1
LAS,SMF,1
LAS,SNA,1
LAS,TPA,1
LAS,TUS,1
LAX,MDW,1
LAX,MKE,1
LBB,LAS,1
LGA,MDW,1
LGA,MKE,1
LIT,BWI,1
MCI,BWI,1
MCI,LAS,1
MCI,MDW,1
MCI,MKE,1
MCI,MSY,1
MCI,PDX,1
MCI,STL,1
MCI,TPA,1
MCO,ALB,1
MCO,MDW,1
MCO,MSY,1
MCO,STL,1
MDW,BHM,1
MDW,JAN,1
MDW,LIT,1
MDW,MEM,1
MDW,MHT,1
MDW,MSY,1
MDW,OAK,1
MDW,OKC,1
MDW,OMA,1
MDW,ONT,1
MDW,ORF,1
MDW,PDX,1
MDW,PHL,1
MDW,PHX,1
MDW,PIT,1
MDW,PVD,1
MDW,RDU,1
MDW,ROC,1
MDW,RSW,1
MDW,SAN,1
MDW,SAT,1
MDW,SDF,1
MDW,SEA,1
MDW,SFO,1
MDW,SJC,1
MDW,SLC,1
MDW,SMF,1
MDW,STL,1
MDW,TPA,1
MDW,TUL,1
MDW,TUS,1
MEM,HOU,1
MEM,TPA,1
MHT,TPA,1
MKE,BOS,1
MKE,BWI,1
MKE,MSY,1
MKE,RSW,1
MKE,SEA,1
MKE,SFO,1
MKE,STL,1
MKE,TPA,1
MSY,EYW,1
MSY,LAS,1
MSY,SAN,1
MSY,STL,1
MSY,TPA,1
OAK,DEN,1
OAK,SNA,1
OKC,BWI,1
OKC,LAS,1
OKC,STL,1
OMA,STL,1
ONT,LAS,1
PDX,RNO,1
PDX,SMF,1
PIT,TPA,1
RDU,BNA,1
RNO,MDW,1
RNO,SEA,1
ROC,MCO,1
SAN,HOU,1
SAN,MCI,1
SAN,RNO,1
SAN,SAT,1
SAN,SJC,1
SAT,STL,1
SAT,TPA,1
SEA,BWI,1
SJC,LAS,1
SMF,SAN,1
SMF,SNA,1
STL,BNA,1
STL,FLL,1
STL,LAS,1
STL,RDU,1
STL,TPA,1
TPA,PVD,1
CGA,KTN,1
